"Year","Cohort","Sex","Drivers"
"1963","Under 16","Male","187"
"1963","Under 16","Female","114"
"1963","16","Male","890"
"1963","16","Female","578"
"1963","17","Male","1,213"
"1963","17","Female","693"
"1963","18","Male","1,001"
"1963","18","Female","674"
"1963","19","Male","1,116"
"1963","19","Female","769"
"1963","20","Male","1,236"
"1963","20","Female","863"
"1963","21","Male","1,250"
"1963","21","Female","895"
"1963","22","Male","1,271"
"1963","22","Female","916"
"1963","23","Male","1,193"
"1963","23","Female","863"
"1963","24","Male","1,144"
"1963","24","Female","832"
"1963","25-29","Male","5,707"
"1963","25-29","Female","4,114"
"1963","30-34","Male","5,611"
"1963","30-34","Female","4,213"
"1963","35-39","Male","5,947"
"1963","35-39","Female","4,475"
"1963","40-44","Male","5,784"
"1963","40-44","Female","4,265"
"1963","45-49","Male","5,298"
"1963","45-49","Female","3,674"
"1963","50-54","Male","4,718"
"1963","50-54","Female","3,037"
"1963","55-59","Male","4,091"
"1963","55-59","Female","2,392"
"1963","60-64","Male","3,253"
"1963","60-64","Female","1,664"
"1963","65-69","Male","2,539"
"1963","65-69","Female","1,086"
"1963","70-74","Male",
"1963","70-74","Female",
"1963","75-79","Male",
"1963","75-79","Female",
"1963","80-84","Male",
"1963","80-84","Female",
"1963","85 and Older","Male",
"1963","85 and Older","Female",
"1964","Under 16","Male","104"
"1964","Under 16","Female","66"
"1964","16","Male","792"
"1964","16","Female","538"
"1964","17","Male","1,288"
"1964","17","Female","829"
"1964","18","Male","1,276"
"1964","18","Female","868"
"1964","19","Male","1,257"
"1964","19","Female","857"
"1964","20","Male","1,271"
"1964","20","Female","922"
"1964","21","Male","1,285"
"1964","21","Female","956"
"1964","22","Male","1,307"
"1964","22","Female","978"
"1964","23","Male","1,227"
"1964","23","Female","921"
"1964","24","Male","1,176"
"1964","24","Female","888"
"1964","25-29","Male","5,786"
"1964","25-29","Female","4,290"
"1964","30-34","Male","5,688"
"1964","30-34","Female","4,291"
"1964","35-39","Male","5,946"
"1964","35-39","Female","4,567"
"1964","40-44","Male","5,890"
"1964","40-44","Female","4,404"
"1964","45-49","Male","5,314"
"1964","45-49","Female","3,795"
"1964","50-54","Male","4,751"
"1964","50-54","Female","3,162"
"1964","55-59","Male","4,036"
"1964","55-59","Female","2,423"
"1964","60-64","Male","3,208"
"1964","60-64","Female","1,715"
"1964","65-69","Male","2,422"
"1964","65-69","Female","1,096"
"1964","70-74","Male",
"1964","70-74","Female",
"1964","75-79","Male",
"1964","75-79","Female",
"1964","80-84","Male",
"1964","80-84","Female",
"1964","85 and Older","Male",
"1964","85 and Older","Female",
"1965","Under 16","Male","82"
"1965","Under 16","Female","54"
"1965","16","Male","807"
"1965","16","Female","551"
"1965","17","Male","1,339"
"1965","17","Female","877"
"1965","18","Male","1,474"
"1965","18","Female","1,015"
"1965","19","Male","1,421"
"1965","19","Female","1,003"
"1965","20","Male","1,295"
"1965","20","Female","945"
"1965","21","Male","1,297"
"1965","21","Female","985"
"1965","22","Male","1,373"
"1965","22","Female","1,054"
"1965","23","Male","1,360"
"1965","23","Female","1,039"
"1965","24","Male","1,260"
"1965","24","Female","972"
"1965","25-29","Male","5,882"
"1965","25-29","Female","4,436"
"1965","30-34","Male","5,666"
"1965","30-34","Female","4,362"
"1965","35-39","Male","5,962"
"1965","35-39","Female","4,671"
"1965","40-44","Male","5,984"
"1965","40-44","Female","4,560"
"1965","45-49","Male","5,457"
"1965","45-49","Female","3,955"
"1965","50-54","Male","4,870"
"1965","50-54","Female","3,299"
"1965","55-59","Male","4,149"
"1965","55-59","Female","2,559"
"1965","60-64","Male","3,228"
"1965","60-64","Female","1,777"
"1965","65-69","Male","2,448"
"1965","65-69","Female","1,149"
"1965","70-74","Male",
"1965","70-74","Female",
"1965","75-79","Male",
"1965","75-79","Female",
"1965","80-84","Male",
"1965","80-84","Female",
"1965","85 and Older","Male",
"1965","85 and Older","Female",
"1966","Under 16","Male","74"
"1966","Under 16","Female","52"
"1966","16","Male","821"
"1966","16","Female","572"
"1966","17","Male","1,335"
"1966","17","Female","913"
"1966","18","Male","1,449"
"1966","18","Female","1,033"
"1966","19","Male","1,553"
"1966","19","Female","1,153"
"1966","20","Male","1,423"
"1966","20","Female","1,082"
"1966","21","Male","1,265"
"1966","21","Female","983"
"1966","22","Male","1,326"
"1966","22","Female","1,032"
"1966","23","Male","1,396"
"1966","23","Female","1,084"
"1966","24","Male","1,393"
"1966","24","Female","1,086"
"1966","25-29","Male","6,090"
"1966","25-29","Female","4,644"
"1966","30-34","Male","5,676"
"1966","30-34","Female","4,379"
"1966","35-39","Male","5,905"
"1966","35-39","Female","4,635"
"1966","40-44","Male","5,999"
"1966","40-44","Female","4,588"
"1966","45-49","Male","5,544"
"1966","45-49","Female","4,069"
"1966","50-54","Male","4,924"
"1966","50-54","Female","3,371"
"1966","55-59","Male","4,247"
"1966","55-59","Female","2,672"
"1966","60-64","Male","3,374"
"1966","60-64","Female","1,894"
"1966","65-69","Male","2,494"
"1966","65-69","Female","1,225"
"1966","70-74","Male",
"1966","70-74","Female",
"1966","75-79","Male",
"1966","75-79","Female",
"1966","80-84","Male",
"1966","80-84","Female",
"1966","85 and Older","Male",
"1966","85 and Older","Female",
"1967","Under 16","Male","67"
"1967","Under 16","Female","48"
"1967","16","Male","822"
"1967","16","Female","545"
"1967","17","Male","1,338"
"1967","17","Female","891"
"1967","18","Male","1,459"
"1967","18","Female","1,023"
"1967","19","Male","1,567"
"1967","19","Female","1,153"
"1967","20","Male","1,559"
"1967","20","Female","1,195"
"1967","21","Male","1,444"
"1967","21","Female","1,137"
"1967","22","Male","1,321"
"1967","22","Female","1,024"
"1967","23","Male","1,358"
"1967","23","Female","1,066"
"1967","24","Male","1,408"
"1967","24","Female","1,092"
"1967","25-29","Male","6,312"
"1967","25-29","Female","4,871"
"1967","30-34","Male","5,739"
"1967","30-34","Female","4,467"
"1967","35-39","Male","5,922"
"1967","35-39","Female","4,676"
"1967","40-44","Male","6,056"
"1967","40-44","Female","4,687"
"1967","45-49","Male","5,653"
"1967","45-49","Female","4,190"
"1967","50-54","Male","4,988"
"1967","50-54","Female","3,501"
"1967","55-59","Male","4,311"
"1967","55-59","Female","2,818"
"1967","60-64","Male","3,392"
"1967","60-64","Female","1,985"
"1967","65-69","Male","2,491"
"1967","65-69","Female","1,286"
"1967","70-74","Male",
"1967","70-74","Female",
"1967","75-79","Male",
"1967","75-79","Female",
"1967","80-84","Male",
"1967","80-84","Female",
"1967","85 and Older","Male",
"1967","85 and Older","Female",
"1968","Under 16","Male","72"
"1968","Under 16","Female","51"
"1968","16","Male","869"
"1968","16","Female","584"
"1968","17","Male","1,360"
"1968","17","Female","932"
"1968","18","Male","1,437"
"1968","18","Female","1,011"
"1968","19","Male","1,548"
"1968","19","Female","1,145"
"1968","20","Male","1,514"
"1968","20","Female","1,169"
"1968","21","Male","1,578"
"1968","21","Female","1,264"
"1968","22","Male","1,483"
"1968","22","Female","1,191"
"1968","23","Male","1,354"
"1968","23","Female","1,061"
"1968","24","Male","1,353"
"1968","24","Female","1,079"
"1968","25-29","Male","6,569"
"1968","25-29","Female","5,155"
"1968","30-34","Male","5,829"
"1968","30-34","Female","4,622"
"1968","35-39","Male","5,846"
"1968","35-39","Female","4,717"
"1968","40-44","Male","6,014"
"1968","40-44","Female","4,789"
"1968","45-49","Male","5,715"
"1968","45-49","Female","4,329"
"1968","50-54","Male","5,053"
"1968","50-54","Female","3,612"
"1968","55-59","Male","4,381"
"1968","55-59","Female","2,909"
"1968","60-64","Male","3,513"
"1968","60-64","Female","2,097"
"1968","65-69","Male","2,538"
"1968","65-69","Female","1,327"
"1968","70-74","Male",
"1968","70-74","Female",
"1968","75-79","Male",
"1968","75-79","Female",
"1968","80-84","Male",
"1968","80-84","Female",
"1968","85 and Older","Male",
"1968","85 and Older","Female",
"1969","Under 16","Male","92"
"1969","Under 16","Female","60"
"1969","16","Male","854"
"1969","16","Female","589"
"1969","17","Male","1,411"
"1969","17","Female","990"
"1969","18","Male","1,544"
"1969","18","Female","1,133"
"1969","19","Male","1,565"
"1969","19","Female","1,173"
"1969","20","Male","1,505"
"1969","20","Female","1,191"
"1969","21","Male","1,592"
"1969","21","Female","1,293"
"1969","22","Male","1,629"
"1969","22","Female","1,332"
"1969","23","Male","1,532"
"1969","23","Female","1,242"
"1969","24","Male","1,378"
"1969","24","Female","1,107"
"1969","25-29","Male","6,686"
"1969","25-29","Female","5,309"
"1969","30-34","Male","5,892"
"1969","30-34","Female","4,748"
"1969","35-39","Male","5,810"
"1969","35-39","Female","4,763"
"1969","40-44","Male","5,968"
"1969","40-44","Female","4,809"
"1969","45-49","Male","5,769"
"1969","45-49","Female","4,475"
"1969","50-54","Male","5,085"
"1969","50-54","Female","3,744"
"1969","55-59","Male","4,485"
"1969","55-59","Female","3,053"
"1969","60-64","Male","3,594"
"1969","60-64","Female","2,227"
"1969","65-69","Male","2,636"
"1969","65-69","Female","1,439"
"1969","70-74","Male",
"1969","70-74","Female",
"1969","75-79","Male",
"1969","75-79","Female",
"1969","80-84","Male",
"1969","80-84","Female",
"1969","85 and Older","Male",
"1969","85 and Older","Female",
"1970","Under 16","Male","84"
"1970","Under 16","Female","62"
"1970","16","Male","859"
"1970","16","Female","615"
"1970","17","Male","1,438"
"1970","17","Female","1,056"
"1970","18","Male","1,600"
"1970","18","Female","1,219"
"1970","19","Male","1,647"
"1970","19","Female","1,284"
"1970","20","Male","1,558"
"1970","20","Female","1,250"
"1970","21","Male","1,613"
"1970","21","Female","1,345"
"1970","22","Male","1,649"
"1970","22","Female","1,378"
"1970","23","Male","1,728"
"1970","23","Female","1,435"
"1970","24","Male","1,535"
"1970","24","Female","1,266"
"1970","25-29","Male","7,000"
"1970","25-29","Female","5,769"
"1970","30-34","Male","5,880"
"1970","30-34","Female","4,909"
"1970","35-39","Male","5,675"
"1970","35-39","Female","4,749"
"1970","40-44","Male","5,834"
"1970","40-44","Female","4,802"
"1970","45-49","Male","5,788"
"1970","45-49","Female","4,643"
"1970","50-54","Male","5,150"
"1970","50-54","Female","3,916"
"1970","55-59","Male","4,546"
"1970","55-59","Female","3,210"
"1970","60-64","Male","3,692"
"1970","60-64","Female","2,399"
"1970","65-69","Male","2,685"
"1970","65-69","Female","1,541"
"1970","70-74","Male",
"1970","70-74","Female",
"1970","75-79","Male",
"1970","75-79","Female",
"1970","80-84","Male",
"1970","80-84","Female",
"1970","85 and Older","Male",
"1970","85 and Older","Female",
"1971","Under 16","Male","90"
"1971","Under 16","Female","66"
"1971","16","Male","834"
"1971","16","Female","618"
"1971","17","Male","1,426"
"1971","17","Female","1,084"
"1971","18","Male","1,583"
"1971","18","Female","1,236"
"1971","19","Male","1,645"
"1971","19","Female","1,308"
"1971","20","Male","1,612"
"1971","20","Female","1,327"
"1971","21","Male","1,615"
"1971","21","Female","1,344"
"1971","22","Male","1,659"
"1971","22","Female","1,394"
"1971","23","Male","1,718"
"1971","23","Female","1,428"
"1971","24","Male","1,731"
"1971","24","Female","1,439"
"1971","25-29","Male","7,180"
"1971","25-29","Female","5,993"
"1971","30-34","Male","5,924"
"1971","30-34","Female","5,003"
"1971","35-39","Male","5,493"
"1971","35-39","Female","4,657"
"1971","40-44","Male","5,663"
"1971","40-44","Female","4,720"
"1971","45-49","Male","5,674"
"1971","45-49","Female","4,644"
"1971","50-54","Male","5,219"
"1971","50-54","Female","4,095"
"1971","55-59","Male","4,604"
"1971","55-59","Female","3,395"
"1971","60-64","Male","3,831"
"1971","60-64","Female","2,654"
"1971","65-69","Male","2,931"
"1971","65-69","Female","1,820"
"1971","70-74","Male",
"1971","70-74","Female",
"1971","75-79","Male",
"1971","75-79","Female",
"1971","80-84","Male",
"1971","80-84","Female",
"1971","85 and Older","Male",
"1971","85 and Older","Female",
"1972","Under 16","Male","84"
"1972","Under 16","Female","56"
"1972","16","Male","870"
"1972","16","Female","660"
"1972","17","Male","1,465"
"1972","17","Female","1,130"
"1972","18","Male","1,679"
"1972","18","Female","1,329"
"1972","19","Male","1,716"
"1972","19","Female","1,388"
"1972","20","Male","1,705"
"1972","20","Female","1,423"
"1972","21","Male","1,702"
"1972","21","Female","1,444"
"1972","22","Male","1,696"
"1972","22","Female","1,450"
"1972","23","Male","1,747"
"1972","23","Female","1,494"
"1972","24","Male","1,727"
"1972","24","Female","1,473"
"1972","25-29","Male","7,615"
"1972","25-29","Female","6,458"
"1972","30-34","Male","6,273"
"1972","30-34","Female","5,384"
"1972","35-39","Male","5,590"
"1972","35-39","Female","4,803"
"1972","40-44","Male","5,683"
"1972","40-44","Female","4,802"
"1972","45-49","Male","5,757"
"1972","45-49","Female","4,783"
"1972","50-54","Male","5,348"
"1972","50-54","Female","4,261"
"1972","55-59","Male","4,669"
"1972","55-59","Female","3,506"
"1972","60-64","Male","3,899"
"1972","60-64","Female","2,753"
"1972","65-69","Male","2,967"
"1972","65-69","Female","1,893"
"1972","70-74","Male",
"1972","70-74","Female",
"1972","75-79","Male",
"1972","75-79","Female",
"1972","80-84","Male",
"1972","80-84","Female",
"1972","85 and Older","Male",
"1972","85 and Older","Female",
"1973","Under 16","Male","90"
"1973","Under 16","Female","61"
"1973","16","Male","1,031"
"1973","16","Female","788"
"1973","17","Male","1,545"
"1973","17","Female","1,220"
"1973","18","Male","1,664"
"1973","18","Female","1,332"
"1973","19","Male","1,743"
"1973","19","Female","1,427"
"1973","20","Male","1,724"
"1973","20","Female","1,457"
"1973","21","Male","1,730"
"1973","21","Female","1,497"
"1973","22","Male","1,756"
"1973","22","Female","1,528"
"1973","23","Male","1,747"
"1973","23","Female","1,505"
"1973","24","Male","1,708"
"1973","24","Female","1,479"
"1973","25-29","Male","7,905"
"1973","25-29","Female","6,891"
"1973","30-34","Male","6,541"
"1973","30-34","Female","5,744"
"1973","35-39","Male","5,623"
"1973","35-39","Female","4,932"
"1973","40-44","Male","5,591"
"1973","40-44","Female","4,806"
"1973","45-49","Male","5,680"
"1973","45-49","Female","4,796"
"1973","50-54","Male","5,403"
"1973","50-54","Female","4,401"
"1973","55-59","Male","4,679"
"1973","55-59","Female","3,631"
"1973","60-64","Male","3,976"
"1973","60-64","Female","2,894"
"1973","65-69","Male","3,059"
"1973","65-69","Female","2,006"
"1973","70-74","Male",
"1973","70-74","Female",
"1973","75-79","Male",
"1973","75-79","Female",
"1973","80-84","Male",
"1973","80-84","Female",
"1973","85 and Older","Male",
"1973","85 and Older","Female",
"1974","Under 16","Male","78"
"1974","Under 16","Female","60"
"1974","16","Male","1,009"
"1974","16","Female","801"
"1974","17","Male","1,590"
"1974","17","Female","1,269"
"1974","18","Male","1,761"
"1974","18","Female","1,443"
"1974","19","Male","1,822"
"1974","19","Female","1,523"
"1974","20","Male","1,810"
"1974","20","Female","1,550"
"1974","21","Male","1,807"
"1974","21","Female","1,576"
"1974","22","Male","1,812"
"1974","22","Female","1,597"
"1974","23","Male","1,800"
"1974","23","Female","1,584"
"1974","24","Male","1,752"
"1974","24","Female","1,542"
"1974","25-29","Male","8,341"
"1974","25-29","Female","7,424"
"1974","30-34","Male","6,789"
"1974","30-34","Female","6,083"
"1974","35-39","Male","5,669"
"1974","35-39","Female","5,068"
"1974","40-44","Male","5,490"
"1974","40-44","Female","4,782"
"1974","45-49","Male","5,570"
"1974","45-49","Female","4,787"
"1974","50-54","Male","5,471"
"1974","50-54","Female","4,572"
"1974","55-59","Male","4,717"
"1974","55-59","Female","3,757"
"1974","60-64","Male","4,047"
"1974","60-64","Female","3,037"
"1974","65-69","Male","3,105"
"1974","65-69","Female","2,140"
"1974","70-74","Male",
"1974","70-74","Female",
"1974","75-79","Male",
"1974","75-79","Female",
"1974","80-84","Male",
"1974","80-84","Female",
"1974","85 and Older","Male",
"1974","85 and Older","Female",
"1975","Under 16","Male","70"
"1975","Under 16","Female","53"
"1975","16","Male","1,042"
"1975","16","Female","835"
"1975","17","Male","1,601"
"1975","17","Female","1,288"
"1975","18","Male","1,816"
"1975","18","Female","1,501"
"1975","19","Male","1,890"
"1975","19","Female","1,599"
"1975","20","Male","1,878"
"1975","20","Female","1,618"
"1975","21","Male","1,875"
"1975","21","Female","1,651"
"1975","22","Male","1,872"
"1975","22","Female","1,662"
"1975","23","Male","1,876"
"1975","23","Female","1,674"
"1975","24","Male","1,866"
"1975","24","Female","1,661"
"1975","25-29","Male","8,824"
"1975","25-29","Female","7,912"
"1975","30-34","Male","7,014"
"1975","30-34","Female","6,313"
"1975","35-39","Male","5,822"
"1975","35-39","Female","5,234"
"1975","40-44","Male","5,444"
"1975","40-44","Female","4,788"
"1975","45-49","Male","5,569"
"1975","45-49","Female","4,809"
"1975","50-54","Male","5,508"
"1975","50-54","Female","4,684"
"1975","55-59","Male","4,858"
"1975","55-59","Female","3,967"
"1975","60-64","Male","4,158"
"1975","60-64","Female","3,214"
"1975","65-69","Male","3,255"
"1975","65-69","Female","2,354"
"1975","70-74","Male",
"1975","70-74","Female",
"1975","75-79","Male",
"1975","75-79","Female",
"1975","80-84","Male",
"1975","80-84","Female",
"1975","85 and Older","Male",
"1975","85 and Older","Female",
"1976","Under 16","Male","71"
"1976","Under 16","Female","55"
"1976","16","Male","1,059"
"1976","16","Female","846"
"1976","17","Male","1,616"
"1976","17","Female","1,310"
"1976","18","Male","1,815"
"1976","18","Female","1,502"
"1976","19","Male","1,939"
"1976","19","Female","1,639"
"1976","20","Male","1,937"
"1976","20","Female","1,676"
"1976","21","Male","1,917"
"1976","21","Female","1,680"
"1976","22","Male","1,943"
"1976","22","Female","1,721"
"1976","23","Male","1,920"
"1976","23","Female","1,709"
"1976","24","Male","1,929"
"1976","24","Female","1,723"
"1976","25-29","Male","9,195"
"1976","25-29","Female","8,272"
"1976","30-34","Male","7,529"
"1976","30-34","Female","6,804"
"1976","35-39","Male","6,104"
"1976","35-39","Female","5,514"
"1976","40-44","Male","5,503"
"1976","40-44","Female","4,876"
"1976","45-49","Male","5,546"
"1976","45-49","Female","4,824"
"1976","50-54","Male","5,463"
"1976","50-54","Female","4,706"
"1976","55-59","Male","4,993"
"1976","55-59","Female","4,145"
"1976","60-64","Male","4,208"
"1976","60-64","Female","3,328"
"1976","65-69","Male","3,363"
"1976","65-69","Female","2,477"
"1976","70-74","Male",
"1976","70-74","Female",
"1976","75-79","Male",
"1976","75-79","Female",
"1976","80-84","Male",
"1976","80-84","Female",
"1976","85 and Older","Male",
"1976","85 and Older","Female",
"1977","Under 16","Male","82"
"1977","Under 16","Female","63"
"1977","16","Male","1,018"
"1977","16","Female","821"
"1977","17","Male","1,618"
"1977","17","Female","1,312"
"1977","18","Male","1,829"
"1977","18","Female","1,521"
"1977","19","Male","1,940"
"1977","19","Female","1,643"
"1977","20","Male","1,980"
"1977","20","Female","1,718"
"1977","21","Male","1,981"
"1977","21","Female","1,749"
"1977","22","Male","1,986"
"1977","22","Female","1,758"
"1977","23","Male","1,994"
"1977","23","Female","1,781"
"1977","24","Male","1,973"
"1977","24","Female","1,766"
"1977","25-29","Male","9,429"
"1977","25-29","Female","8,454"
"1977","30-34","Male","8,023"
"1977","30-34","Female","7,282"
"1977","35-39","Male","6,471"
"1977","35-39","Female","5,882"
"1977","40-44","Male","5,592"
"1977","40-44","Female","4,976"
"1977","45-49","Male","5,533"
"1977","45-49","Female","4,843"
"1977","50-54","Male","5,500"
"1977","50-54","Female","4,782"
"1977","55-59","Male","5,112"
"1977","55-59","Female","4,300"
"1977","60-64","Male","4,278"
"1977","60-64","Female","3,440"
"1977","65-69","Male","3,434"
"1977","65-69","Female","2,616"
"1977","70-74","Male",
"1977","70-74","Female",
"1977","75-79","Male",
"1977","75-79","Female",
"1977","80-84","Male",
"1977","80-84","Female",
"1977","85 and Older","Male",
"1977","85 and Older","Female",
"1978","Under 16","Male","90"
"1978","Under 16","Female","73"
"1978","16","Male","1,056"
"1978","16","Female","854"
"1978","17","Male","1,627"
"1978","17","Female","1,327"
"1978","18","Male","1,828"
"1978","18","Female","1,524"
"1978","19","Male","1,946"
"1978","19","Female","1,664"
"1978","20","Male","1,943"
"1978","20","Female","1,699"
"1978","21","Male","2,000"
"1978","21","Female","1,779"
"1978","22","Male","2,013"
"1978","22","Female","1,801"
"1978","23","Male","2,001"
"1978","23","Female","1,798"
"1978","24","Male","2,000"
"1978","24","Female","1,804"
"1978","25-29","Male","9,531"
"1978","25-29","Female","8,611"
"1978","30-34","Male","8,295"
"1978","30-34","Female","7,579"
"1978","35-39","Male","6,721"
"1978","35-39","Female","6,160"
"1978","40-44","Male","5,679"
"1978","40-44","Female","5,086"
"1978","45-49","Male","5,451"
"1978","45-49","Female","4,808"
"1978","50-54","Male","5,495"
"1978","50-54","Female","4,804"
"1978","55-59","Male","5,157"
"1978","55-59","Female","4,395"
"1978","60-64","Male","4,356"
"1978","60-64","Female","3,575"
"1978","65-69","Male","3,502"
"1978","65-69","Female","2,720"
"1978","70-74","Male",
"1978","70-74","Female",
"1978","75-79","Male",
"1978","75-79","Female",
"1978","80-84","Male",
"1978","80-84","Female",
"1978","85 and Older","Male",
"1978","85 and Older","Female",
"1979","Under 16","Male","74"
"1979","Under 16","Female","58"
"1979","16","Male","1,054"
"1979","16","Female","852"
"1979","17","Male","1,577"
"1979","17","Female","1,296"
"1979","18","Male","1,824"
"1979","18","Female","1,528"
"1979","19","Male","1,942"
"1979","19","Female","1,664"
"1979","20","Male","1,938"
"1979","20","Female","1,709"
"1979","21","Male","1,971"
"1979","21","Female","1,762"
"1979","22","Male","2,041"
"1979","22","Female","1,838"
"1979","23","Male","2,034"
"1979","23","Female","1,844"
"1979","24","Male","2,025"
"1979","24","Female","1,829"
"1979","25-29","Male","9,733"
"1979","25-29","Female","8,874"
"1979","30-34","Male","8,631"
"1979","30-34","Female","7,945"
"1979","35-39","Male","6,911"
"1979","35-39","Female","6,383"
"1979","40-44","Male","5,729"
"1979","40-44","Female","5,174"
"1979","45-49","Male","5,394"
"1979","45-49","Female","4,786"
"1979","50-54","Male","5,432"
"1979","50-54","Female","4,775"
"1979","55-59","Male","5,210"
"1979","55-59","Female","4,507"
"1979","60-64","Male","4,373"
"1979","60-64","Female","3,659"
"1979","65-69","Male","3,584"
"1979","65-69","Female","2,834"
"1979","70-74","Male",
"1979","70-74","Female",
"1979","75-79","Male",
"1979","75-79","Female",
"1979","80-84","Male",
"1979","80-84","Female",
"1979","85 and Older","Male",
"1979","85 and Older","Female",
"1980","Under 16","Male","52"
"1980","Under 16","Female","41"
"1980","16","Male","1,001"
"1980","16","Female","822"
"1980","17","Male","1,530"
"1980","17","Female","1,260"
"1980","18","Male","1,763"
"1980","18","Female","1,484"
"1980","19","Male","1,900"
"1980","19","Female","1,643"
"1980","20","Male","1,930"
"1980","20","Female","1,706"
"1980","21","Male","1,961"
"1980","21","Female","1,772"
"1980","22","Male","1,998"
"1980","22","Female","1,813"
"1980","23","Male","2,062"
"1980","23","Female","1,876"
"1980","24","Male","2,047"
"1980","24","Female","1,868"
"1980","25-29","Male","9,865"
"1980","25-29","Female","9,060"
"1980","30-34","Male","9,010"
"1980","30-34","Female","8,359"
"1980","35-39","Male","7,113"
"1980","35-39","Female","6,583"
"1980","40-44","Male","5,828"
"1980","40-44","Female","5,306"
"1980","45-49","Male","5,311"
"1980","45-49","Female","4,765"
"1980","50-54","Male","5,351"
"1980","50-54","Female","4,739"
"1980","55-59","Male","5,198"
"1980","55-59","Female","4,572"
"1980","60-64","Male","4,439"
"1980","60-64","Female","3,793"
"1980","65-69","Male","3,631"
"1980","65-69","Female","2,949"
"1980","70-74","Male",
"1980","70-74","Female",
"1980","75-79","Male",
"1980","75-79","Female",
"1980","80-84","Male",
"1980","80-84","Female",
"1980","85 and Older","Male",
"1980","85 and Older","Female",
"1981","Under 16","Male","57"
"1981","Under 16","Female","45"
"1981","16","Male","937"
"1981","16","Female","769"
"1981","17","Male","1,484"
"1981","17","Female","1,231"
"1981","18","Male","1,732"
"1981","18","Female","1,460"
"1981","19","Male","1,880"
"1981","19","Female","1,620"
"1981","20","Male","1,924"
"1981","20","Female","1,700"
"1981","21","Male","1,980"
"1981","21","Female","1,774"
"1981","22","Male","2,008"
"1981","22","Female","1,819"
"1981","23","Male","2,044"
"1981","23","Female","1,853"
"1981","24","Male","2,070"
"1981","24","Female","1,885"
"1981","25-29","Male","10,024"
"1981","25-29","Female","9,190"
"1981","30-34","Male","9,131"
"1981","30-34","Female","8,488"
"1981","35-39","Male","7,453"
"1981","35-39","Female","6,925"
"1981","40-44","Male","5,959"
"1981","40-44","Female","5,464"
"1981","45-49","Male","5,321"
"1981","45-49","Female","4,805"
"1981","50-54","Male","5,299"
"1981","50-54","Female","4,719"
"1981","55-59","Male","5,160"
"1981","55-59","Female","4,590"
"1981","60-64","Male","4,533"
"1981","60-64","Female","3,930"
"1981","65-69","Male","3,666"
"1981","65-69","Female","3,055"
"1981","70-74","Male",
"1981","70-74","Female",
"1981","75-79","Male",
"1981","75-79","Female",
"1981","80-84","Male",
"1981","80-84","Female",
"1981","85 and Older","Male",
"1981","85 and Older","Female",
"1982","Under 16","Male","69"
"1982","Under 16","Female","54"
"1982","16","Male","890"
"1982","16","Female","753"
"1982","17","Male","1,364"
"1982","17","Female","1,170"
"1982","18","Male","1,681"
"1982","18","Female","1,462"
"1982","19","Male","1,888"
"1982","19","Female","1,658"
"1982","20","Male","1,906"
"1982","20","Female","1,715"
"1982","21","Male","2,015"
"1982","21","Female","1,833"
"1982","22","Male","2,064"
"1982","22","Female","1,890"
"1982","23","Male","2,081"
"1982","23","Female","1,918"
"1982","24","Male","2,074"
"1982","24","Female","1,916"
"1982","25-29","Male","10,158"
"1982","25-29","Female","9,492"
"1982","30-34","Male","9,192"
"1982","30-34","Female","8,702"
"1982","35-39","Male","7,715"
"1982","35-39","Female","7,317"
"1982","40-44","Male","6,096"
"1982","40-44","Female","5,733"
"1982","45-49","Male","5,238"
"1982","45-49","Female","4,842"
"1982","50-54","Male","5,197"
"1982","50-54","Female","4,736"
"1982","55-59","Male","5,148"
"1982","55-59","Female","4,706"
"1982","60-64","Male","4,623"
"1982","60-64","Female","4,148"
"1982","65-69","Male","3,662"
"1982","65-69","Female","3,291"
"1982","70-74","Male",
"1982","70-74","Female",
"1982","75-79","Male",
"1982","75-79","Female",
"1982","80-84","Male",
"1982","80-84","Female",
"1982","85 and Older","Male",
"1982","85 and Older","Female",
"1983","Under 16","Male","71"
"1983","Under 16","Female","55"
"1983","16","Male","916"
"1983","16","Female","772"
"1983","17","Male","1,404"
"1983","17","Female","1,200"
"1983","18","Male","1,731"
"1983","18","Female","1,500"
"1983","19","Male","1,944"
"1983","19","Female","1,700"
"1983","20","Male","1,963"
"1983","20","Female","1,759"
"1983","21","Male","2,075"
"1983","21","Female","1,879"
"1983","22","Male","2,125"
"1983","22","Female","1,938"
"1983","23","Male","2,144"
"1983","23","Female","1,966"
"1983","24","Male","2,135"
"1983","24","Female","1,964"
"1983","25-29","Male","10,463"
"1983","25-29","Female","9,735"
"1983","30-34","Male","9,468"
"1983","30-34","Female","8,923"
"1983","35-39","Male","7,946"
"1983","35-39","Female","7,503"
"1983","40-44","Male","6,279"
"1983","40-44","Female","5,878"
"1983","45-49","Male","5,394"
"1983","45-49","Female","4,964"
"1983","50-54","Male","5,352"
"1983","50-54","Female","4,855"
"1983","55-59","Male","5,301"
"1983","55-59","Female","4,825"
"1983","60-64","Male","4,759"
"1983","60-64","Female","4,252"
"1983","65-69","Male","3,770"
"1983","65-69","Female","3,374"
"1983","70-74","Male",
"1983","70-74","Female",
"1983","75-79","Male",
"1983","75-79","Female",
"1983","80-84","Male",
"1983","80-84","Female",
"1983","85 and Older","Male",
"1983","85 and Older","Female",
"1984","Under 16","Male","61"
"1984","Under 16","Female","49"
"1984","16","Male","913"
"1984","16","Female","766"
"1984","17","Male","1,290"
"1984","17","Female","1,109"
"1984","18","Male","1,515"
"1984","18","Female","1,308"
"1984","19","Male","1,706"
"1984","19","Female","1,490"
"1984","20","Male","1,836"
"1984","20","Female","1,645"
"1984","21","Male","1,938"
"1984","21","Female","1,750"
"1984","22","Male","2,009"
"1984","22","Female","1,835"
"1984","23","Male","2,087"
"1984","23","Female","1,922"
"1984","24","Male","2,101"
"1984","24","Female","1,939"
"1984","25-29","Male","10,478"
"1984","25-29","Female","9,811"
"1984","30-34","Male","9,646"
"1984","30-34","Female","9,152"
"1984","35-39","Male","8,470"
"1984","35-39","Female","8,083"
"1984","40-44","Male","6,678"
"1984","40-44","Female","6,320"
"1984","45-49","Male","5,450"
"1984","45-49","Female","5,095"
"1984","50-54","Male","5,083"
"1984","50-54","Female","4,689"
"1984","55-59","Male","5,157"
"1984","55-59","Female","4,709"
"1984","60-64","Male","4,721"
"1984","60-64","Female","4,384"
"1984","65-69","Male","3,851"
"1984","65-69","Female","3,453"
"1984","70-74","Male",
"1984","70-74","Female",
"1984","75-79","Male",
"1984","75-79","Female",
"1984","80-84","Male",
"1984","80-84","Female",
"1984","85 and Older","Male",
"1984","85 and Older","Female",
"1985","Under 16","Male","55"
"1985","Under 16","Female","45"
"1985","16","Male","886"
"1985","16","Female","749"
"1985","17","Male","1,280"
"1985","17","Female","1,100"
"1985","18","Male","1,491"
"1985","18","Female","1,288"
"1985","19","Male","1,663"
"1985","19","Female","1,455"
"1985","20","Male","1,764"
"1985","20","Female","1,582"
"1985","21","Male","1,909"
"1985","21","Female","1,727"
"1985","22","Male","1,982"
"1985","22","Female","1,811"
"1985","23","Male","2,060"
"1985","23","Female","1,893"
"1985","24","Male","2,079"
"1985","24","Female","1,926"
"1985","25-29","Male","10,566"
"1985","25-29","Female","9,887"
"1985","30-34","Male","9,770"
"1985","30-34","Female","9,278"
"1985","35-39","Male","8,711"
"1985","35-39","Female","8,327"
"1985","40-44","Male","6,808"
"1985","40-44","Female","6,461"
"1985","45-49","Male","5,543"
"1985","45-49","Female","5,200"
"1985","50-54","Male","5,101"
"1985","50-54","Female","4,724"
"1985","55-59","Male","5,177"
"1985","55-59","Female","4,733"
"1985","60-64","Male","4,751"
"1985","60-64","Female","4,448"
"1985","65-69","Male","3,917"
"1985","65-69","Female","3,555"
"1985","70-74","Male",
"1985","70-74","Female",
"1985","75-79","Male",
"1985","75-79","Female",
"1985","80-84","Male",
"1985","80-84","Female",
"1985","85 and Older","Male",
"1985","85 and Older","Female",
"1986","Under 16","Male","52"
"1986","Under 16","Female","43"
"1986","16","Male","937"
"1986","16","Female","802"
"1986","17","Male","1,284"
"1986","17","Female","1,114"
"1986","18","Male","1,454"
"1986","18","Female","1,260"
"1986","19","Male","1,585"
"1986","19","Female","1,390"
"1986","20","Male","1,649"
"1986","20","Female","1,480"
"1986","21","Male","1,779"
"1986","21","Female","1,613"
"1986","22","Male","1,909"
"1986","22","Female","1,753"
"1986","23","Male","1,995"
"1986","23","Female","1,840"
"1986","24","Male","2,025"
"1986","24","Female","1,882"
"1986","25-29","Male","10,588"
"1986","25-29","Female","9,926"
"1986","30-34","Male","10,059"
"1986","30-34","Female","9,540"
"1986","35-39","Male","9,088"
"1986","35-39","Female","8,689"
"1986","40-44","Male","7,234"
"1986","40-44","Female","6,861"
"1986","45-49","Male","5,760"
"1986","45-49","Female","5,407"
"1986","50-54","Male","5,121"
"1986","50-54","Female","4,751"
"1986","55-59","Male","5,083"
"1986","55-59","Female","4,682"
"1986","60-64","Male","4,810"
"1986","60-64","Female","4,466"
"1986","65-69","Male","4,057"
"1986","65-69","Female","3,733"
"1986","70-74","Male",
"1986","70-74","Female",
"1986","75-79","Male",
"1986","75-79","Female",
"1986","80-84","Male",
"1986","80-84","Female",
"1986","85 and Older","Male",
"1986","85 and Older","Female",
"1987","Under 16","Male","48"
"1987","Under 16","Female","40"
"1987","16","Male","900"
"1987","16","Female","775"
"1987","17","Male","1,327"
"1987","17","Female","1,151"
"1987","18","Male","1,491"
"1987","18","Female","1,301"
"1987","19","Male","1,599"
"1987","19","Female","1,401"
"1987","20","Male","1,642"
"1987","20","Female","1,467"
"1987","21","Male","1,741"
"1987","21","Female","1,573"
"1987","22","Male","1,846"
"1987","22","Female","1,685"
"1987","23","Male","1,988"
"1987","23","Female","1,831"
"1987","24","Male","2,020"
"1987","24","Female","1,865"
"1987","25-29","Male","10,642"
"1987","25-29","Female","9,935"
"1987","30-34","Male","10,300"
"1987","30-34","Female","9,729"
"1987","35-39","Male","9,225"
"1987","35-39","Female","8,793"
"1987","40-44","Male","7,600"
"1987","40-44","Female","7,204"
"1987","45-49","Male","5,994"
"1987","45-49","Female","5,628"
"1987","50-54","Male","5,161"
"1987","50-54","Female","4,791"
"1987","55-59","Male","5,044"
"1987","55-59","Female","4,656"
"1987","60-64","Male","4,817"
"1987","60-64","Female","4,485"
"1987","65-69","Male","4,114"
"1987","65-69","Female","3,817"
"1987","70-74","Male",
"1987","70-74","Female",
"1987","75-79","Male",
"1987","75-79","Female",
"1987","80-84","Male",
"1987","80-84","Female",
"1987","85 and Older","Male",
"1987","85 and Older","Female",
"1988","Under 16","Male","51"
"1988","Under 16","Female","43"
"1988","16","Male","845"
"1988","16","Female","736"
"1988","17","Male","1,292"
"1988","17","Female","1,128"
"1988","18","Male","1,521"
"1988","18","Female","1,335"
"1988","19","Male","1,601"
"1988","19","Female","1,413"
"1988","20","Male","1,601"
"1988","20","Female","1,445"
"1988","21","Male","1,664"
"1988","21","Female","1,513"
"1988","22","Male","1,745"
"1988","22","Female","1,594"
"1988","23","Male","1,864"
"1988","23","Female","1,717"
"1988","24","Male","1,978"
"1988","24","Female","1,825"
"1988","25-29","Male","10,521"
"1988","25-29","Female","9,856"
"1988","30-34","Male","10,374"
"1988","30-34","Female","9,825"
"1988","35-39","Male","9,303"
"1988","35-39","Female","8,906"
"1988","40-44","Male","7,927"
"1988","40-44","Female","7,564"
"1988","45-49","Male","6,246"
"1988","45-49","Female","5,917"
"1988","50-54","Male","5,182"
"1988","50-54","Female","4,852"
"1988","55-59","Male","4,873"
"1988","55-59","Female","4,538"
"1988","60-64","Male","4,759"
"1988","60-64","Female","4,491"
"1988","65-69","Male","4,138"
"1988","65-69","Female","3,908"
"1988","70-74","Male",
"1988","70-74","Female",
"1988","75-79","Male",
"1988","75-79","Female",
"1988","80-84","Male",
"1988","80-84","Female",
"1988","85 and Older","Male",
"1988","85 and Older","Female",
"1989","Under 16","Male","21"
"1989","Under 16","Female","17"
"1989","16","Male","783"
"1989","16","Female","680"
"1989","17","Male","1,224"
"1989","17","Female","1,069"
"1989","18","Male","1,492"
"1989","18","Female","1,314"
"1989","19","Male","1,633"
"1989","19","Female","1,441"
"1989","20","Male","1,641"
"1989","20","Female","1,488"
"1989","21","Male","1,675"
"1989","21","Female","1,526"
"1989","22","Male","1,741"
"1989","22","Female","1,594"
"1989","23","Male","1,842"
"1989","23","Female","1,694"
"1989","24","Male","1,927"
"1989","24","Female","1,775"
"1989","25-29","Male","10,611"
"1989","25-29","Female","9,958"
"1989","30-34","Male","10,521"
"1989","30-34","Female","9,993"
"1989","35-39","Male","9,459"
"1989","35-39","Female","9,101"
"1989","40-44","Male","8,234"
"1989","40-44","Female","7,885"
"1989","45-49","Male","6,453"
"1989","45-49","Female","6,131"
"1989","50-54","Male","5,289"
"1989","50-54","Female","4,970"
"1989","55-59","Male","4,915"
"1989","55-59","Female","4,590"
"1989","60-64","Male","4,784"
"1989","60-64","Female","4,529"
"1989","65-69","Male","4,236"
"1989","65-69","Female","4,029"
"1989","70-74","Male",
"1989","70-74","Female",
"1989","75-79","Male",
"1989","75-79","Female",
"1989","80-84","Male",
"1989","80-84","Female",
"1989","85 and Older","Male",
"1989","85 and Older","Female",
"1990","Under 16","Male","23"
"1990","Under 16","Female","20"
"1990","16","Male","769"
"1990","16","Female","674"
"1990","17","Male","1,136"
"1990","17","Female","996"
"1990","18","Male","1,378"
"1990","18","Female","1,217"
"1990","19","Male","1,608"
"1990","19","Female","1,429"
"1990","20","Male","1,691"
"1990","20","Female","1,538"
"1990","21","Male","1,694"
"1990","21","Female","1,555"
"1990","22","Male","1,701"
"1990","22","Female","1,561"
"1990","23","Male","1,767"
"1990","23","Female","1,631"
"1990","24","Male","1,951"
"1990","24","Female","1,807"
"1990","25-29","Male","10,239"
"1990","25-29","Female","9,656"
"1990","30-34","Male","10,507"
"1990","30-34","Female","10,071"
"1990","35-39","Male","9,684"
"1990","35-39","Female","9,371"
"1990","40-44","Male","8,610"
"1990","40-44","Female","8,295"
"1990","45-49","Male","6,642"
"1990","45-49","Female","6,378"
"1990","50-54","Male","5,376"
"1990","50-54","Female","5,108"
"1990","55-59","Male","4,855"
"1990","55-59","Female","4,583"
"1990","60-64","Male","4,738"
"1990","60-64","Female","4,497"
"1990","65-69","Male","4,266"
"1990","65-69","Female","4,109"
"1990","70-74","Male",
"1990","70-74","Female",
"1990","75-79","Male",
"1990","75-79","Female",
"1990","80-84","Male",
"1990","80-84","Female",
"1990","85 and Older","Male",
"1990","85 and Older","Female",
"1991","Under 16","Male","35"
"1991","Under 16","Female","30"
"1991","16","Male","739"
"1991","16","Female","655"
"1991","17","Male","1,098"
"1991","17","Female","970"
"1991","18","Male","1,311"
"1991","18","Female","1,156"
"1991","19","Male","1,490"
"1991","19","Female","1,330"
"1991","20","Male","1,659"
"1991","20","Female","1,511"
"1991","21","Male","1,750"
"1991","21","Female","1,604"
"1991","22","Male","1,739"
"1991","22","Female","1,603"
"1991","23","Male","1,770"
"1991","23","Female","1,625"
"1991","24","Male","1,780"
"1991","24","Female","1,654"
"1991","25-29","Male","10,078"
"1991","25-29","Female","9,474"
"1991","30-34","Male","10,603"
"1991","30-34","Female","10,167"
"1991","35-39","Male","9,910"
"1991","35-39","Female","9,598"
"1991","40-44","Male","8,854"
"1991","40-44","Female","8,625"
"1991","45-49","Male","6,984"
"1991","45-49","Female","6,713"
"1991","50-54","Male","5,534"
"1991","50-54","Female","5,283"
"1991","55-59","Male","4,874"
"1991","55-59","Female","4,628"
"1991","60-64","Male","4,710"
"1991","60-64","Female","4,493"
"1991","65-69","Male","4,294"
"1991","65-69","Female","4,167"
"1991","70-74","Male",
"1991","70-74","Female",
"1991","75-79","Male",
"1991","75-79","Female",
"1991","80-84","Male",
"1991","80-84","Female",
"1991","85 and Older","Male",
"1991","85 and Older","Female",
"1992","Under 16","Male","24"
"1992","Under 16","Female","22"
"1992","16","Male","740"
"1992","16","Female","668"
"1992","17","Male","1,103"
"1992","17","Female","989"
"1992","18","Male","1,312"
"1992","18","Female","1,169"
"1992","19","Male","1,440"
"1992","19","Female","1,281"
"1992","20","Male","1,535"
"1992","20","Female","1,402"
"1992","21","Male","1,707"
"1992","21","Female","1,579"
"1992","22","Male","1,802"
"1992","22","Female","1,674"
"1992","23","Male","1,806"
"1992","23","Female","1,676"
"1992","24","Male","1,781"
"1992","24","Female","1,648"
"1992","25-29","Male","9,744"
"1992","25-29","Female","9,196"
"1992","30-34","Male","10,607"
"1992","30-34","Female","10,244"
"1992","35-39","Male","10,126"
"1992","35-39","Female","9,893"
"1992","40-44","Male","9,118"
"1992","40-44","Female","8,909"
"1992","45-49","Male","7,587"
"1992","45-49","Female","7,366"
"1992","50-54","Male","5,932"
"1992","50-54","Female","5,717"
"1992","55-59","Male","5,018"
"1992","55-59","Female","4,801"
"1992","60-64","Male","4,784"
"1992","60-64","Female","4,585"
"1992","65-69","Male","4,414"
"1992","65-69","Female","4,324"
"1992","70-74","Male",
"1992","70-74","Female",
"1992","75-79","Male",
"1992","75-79","Female",
"1992","80-84","Male",
"1992","80-84","Female",
"1992","85 and Older","Male",
"1992","85 and Older","Female",
"1993","Under 16","Male","19"
"1993","Under 16","Female","18"
"1993","16","Male","772"
"1993","16","Female","707"
"1993","17","Male","1,095"
"1993","17","Female","991"
"1993","18","Male","1,298"
"1993","18","Female","1,166"
"1993","19","Male","1,432"
"1993","19","Female","1,282"
"1993","20","Male","1,475"
"1993","20","Female","1,348"
"1993","21","Male","1,552"
"1993","21","Female","1,469"
"1993","22","Male","1,756"
"1993","22","Female","1,643"
"1993","23","Male","1,849"
"1993","23","Female","1,728"
"1993","24","Male","1,918"
"1993","24","Female","1,802"
"1993","25-29","Male","9,506"
"1993","25-29","Female","9,018"
"1993","30-34","Male","10,498"
"1993","30-34","Female","10,213"
"1993","35-39","Male","10,197"
"1993","35-39","Female","10,048"
"1993","40-44","Male","9,084"
"1993","40-44","Female","8,971"
"1993","45-49","Male","7,715"
"1993","45-49","Female","7,558"
"1993","50-54","Male","6,061"
"1993","50-54","Female","5,905"
"1993","55-59","Male","5,006"
"1993","55-59","Female","4,840"
"1993","60-64","Male","4,616"
"1993","60-64","Female","4,461"
"1993","65-69","Male","4,312"
"1993","65-69","Female","4,263"
"1993","70-74","Male",
"1993","70-74","Female",
"1993","75-79","Male",
"1993","75-79","Female",
"1993","80-84","Male",
"1993","80-84","Female",
"1993","85 and Older","Male",
"1993","85 and Older","Female",
"1994","Under 16","Male","29"
"1994","Under 16","Female","27"
"1994","16","Male","766"
"1994","16","Female","705"
"1994","17","Male","1,147"
"1994","17","Female","1,052"
"1994","18","Male","1,311"
"1994","18","Female","1,181"
"1994","19","Male","1,436"
"1994","19","Female","1,291"
"1994","20","Male","1,483"
"1994","20","Female","1,352"
"1994","21","Male","1,517"
"1994","21","Female","1,404"
"1994","22","Male","1,618"
"1994","22","Female","1,511"
"1994","23","Male","1,796"
"1994","23","Female","1,686"
"1994","24","Male","1,859"
"1994","24","Female","1,749"
"1994","25-29","Male","9,294"
"1994","25-29","Female","8,806"
"1994","30-34","Male","10,743"
"1994","30-34","Female","10,147"
"1994","35-39","Male","10,340"
"1994","35-39","Female","10,131"
"1994","40-44","Male","9,321"
"1994","40-44","Female","9,164"
"1994","45-49","Male","8,159"
"1994","45-49","Female","8,009"
"1994","50-54","Male","6,349"
"1994","50-54","Female","6,195"
"1994","55-59","Male","5,092"
"1994","55-59","Female","4,939"
"1994","60-64","Male","4,567"
"1994","60-64","Female","4,419"
"1994","65-69","Male","4,280"
"1994","65-69","Female","4,247"
"1994","70-74","Male","3,577"
"1994","70-74","Female","3,649"
"1994","75-79","Male","2,421"
"1994","75-79","Female","2,486"
"1994","80-84","Male","1,340"
"1994","80-84","Female","1,379"
"1994","85 and Older","Male","736"
"1994","85 and Older","Female","672"
"1995","Under 16","Male","31"
"1995","Under 16","Female","28"
"1995","16","Male","812"
"1995","16","Female","752"
"1995","17","Male","1,169"
"1995","17","Female","1,081"
"1995","18","Male","1,341"
"1995","18","Female","1,221"
"1995","19","Male","1,407"
"1995","19","Female","1,280"
"1995","20","Male","1,501"
"1995","20","Female","1,378"
"1995","21","Male","1,510"
"1995","21","Female","1,402"
"1995","22","Male","1,549"
"1995","22","Female","1,453"
"1995","23","Male","1,645"
"1995","23","Female","1,555"
"1995","24","Male","1,809"
"1995","24","Female","1,717"
"1995","25-29","Male","9,234"
"1995","25-29","Female","8,822"
"1995","30-34","Male","10,255"
"1995","30-34","Female","10,028"
"1995","35-39","Male","10,381"
"1995","35-39","Female","10,277"
"1995","40-44","Male","9,512"
"1995","40-44","Female","9,465"
"1995","45-49","Male","8,469"
"1995","45-49","Female","8,401"
"1995","50-54","Male","6,493"
"1995","50-54","Female","6,397"
"1995","55-59","Male","5,167"
"1995","55-59","Female","5,057"
"1995","60-64","Male","4,530"
"1995","60-64","Female","4,428"
"1995","65-69","Male","4,248"
"1995","65-69","Female","4,234"
"1995","70-74","Male","3,582"
"1995","70-74","Female","3,702"
"1995","75-79","Male","2,466"
"1995","75-79","Female","2,578"
"1995","80-84","Male","1,358"
"1995","80-84","Female","1,439"
"1995","85 and Older","Male","736"
"1995","85 and Older","Female","710"
"1996","Under 16","Male","15"
"1996","Under 16","Female","13"
"1996","16","Male","800"
"1996","16","Female","750"
"1996","17","Male","1,198"
"1996","17","Female","1,114"
"1996","18","Male","1,342"
"1996","18","Female","1,211"
"1996","19","Male","1,454"
"1996","19","Female","1,333"
"1996","20","Male","1,497"
"1996","20","Female","1,386"
"1996","21","Male","1,502"
"1996","21","Female","1,413"
"1996","22","Male","1,558"
"1996","22","Female","1,463"
"1996","23","Male","1,604"
"1996","23","Female","1,513"
"1996","24","Male","1,702"
"1996","24","Female","1,616"
"1996","25-29","Male","9,356"
"1996","25-29","Female","8,945"
"1996","30-34","Male","10,120"
"1996","30-34","Female","9,870"
"1996","35-39","Male","10,520"
"1996","35-39","Female","10,438"
"1996","40-44","Male","9,778"
"1996","40-44","Female","9,751"
"1996","45-49","Male","8,754"
"1996","45-49","Female","8,710"
"1996","50-54","Male","6,839"
"1996","50-54","Female","6,763"
"1996","55-59","Male","5,341"
"1996","55-59","Female","5,258"
"1996","60-64","Male","4,565"
"1996","60-64","Female","4,485"
"1996","65-69","Male","4,234"
"1996","65-69","Female","4,230"
"1996","70-74","Male","3,604"
"1996","70-74","Female","3,749"
"1996","75-79","Male","2,562"
"1996","75-79","Female","2,716"
"1996","80-84","Male","1,400"
"1996","80-84","Female","1,515"
"1996","85 and Older","Male","766"
"1996","85 and Older","Female","766"
"1997","Under 16","Male","17"
"1997","Under 16","Female","15"
"1997","16","Male","850"
"1997","16","Female","801"
"1997","17","Male","1,244"
"1997","17","Female","1,168"
"1997","18","Male","1,405"
"1997","18","Female","1,297"
"1997","19","Male","1,468"
"1997","19","Female","1,360"
"1997","20","Male","1,541"
"1997","20","Female","1,450"
"1997","21","Male","1,509"
"1997","21","Female","1,430"
"1997","22","Male","1,557"
"1997","22","Female","1,479"
"1997","23","Male","1,600"
"1997","23","Female","1,520"
"1997","24","Male","1,644"
"1997","24","Female","1,564"
"1997","25-29","Male","9,291"
"1997","25-29","Female","8,904"
"1997","30-34","Male","9,955"
"1997","30-34","Female","9,694"
"1997","35-39","Male","10,580"
"1997","35-39","Female","10,485"
"1997","40-44","Male","10,025"
"1997","40-44","Female","10,020"
"1997","45-49","Male","8,854"
"1997","45-49","Female","8,851"
"1997","50-54","Male","7,310"
"1997","50-54","Female","7,237"
"1997","55-59","Male","5,617"
"1997","55-59","Female","5,563"
"1997","60-64","Male","4,631"
"1997","60-64","Female","4,578"
"1997","65-69","Male","4,214"
"1997","65-69","Female","4,236"
"1997","70-74","Male","3,654"
"1997","70-74","Female","3,830"
"1997","75-79","Male","2,650"
"1997","75-79","Female","2,835"
"1997","80-84","Male","1,485"
"1997","80-84","Female","1,608"
"1997","85 and Older","Male","793"
"1997","85 and Older","Female","868"
"1998","Under 16","Male","17"
"1998","Under 16","Female","15"
"1998","16","Male","862"
"1998","16","Female","808"
"1998","17","Male","1,215"
"1998","17","Female","1,137"
"1998","18","Male","1,423"
"1998","18","Female","1,322"
"1998","19","Male","1,537"
"1998","19","Female","1,442"
"1998","20","Male","1,566"
"1998","20","Female","1,481"
"1998","21","Male","1,525"
"1998","21","Female","1,455"
"1998","22","Male","1,524"
"1998","22","Female","1,456"
"1998","23","Male","1,582"
"1998","23","Female","1,513"
"1998","24","Male","1,665"
"1998","24","Female","1,592"
"1998","25-29","Male","9,198"
"1998","25-29","Female","8,830"
"1998","30-34","Male","9,741"
"1998","30-34","Female","9,438"
"1998","35-39","Male","10,632"
"1998","35-39","Female","10,504"
"1998","40-44","Male","10,256"
"1998","40-44","Female","10,206"
"1998","45-49","Male","9,101"
"1998","45-49","Female","9,063"
"1998","50-54","Male","7,700"
"1998","50-54","Female","7,624"
"1998","55-59","Male","5,958"
"1998","55-59","Female","5,879"
"1998","60-64","Male","4,755"
"1998","60-64","Female","4,691"
"1998","65-69","Male","4,166"
"1998","65-69","Female","4,170"
"1998","70-74","Male","3,636"
"1998","70-74","Female","3,794"
"1998","75-79","Male","2,675"
"1998","75-79","Female","2,868"
"1998","80-84","Male","1,520"
"1998","80-84","Female","1,658"
"1998","85 and Older","Male","839"
"1998","85 and Older","Female","917"
"1999","Under 16","Male","17"
"1999","Under 16","Female","15"
"1999","16","Male","753"
"1999","16","Female","704"
"1999","17","Male","1,200"
"1999","17","Female","1,130"
"1999","18","Male","1,434"
"1999","18","Female","1,332"
"1999","19","Male","1,563"
"1999","19","Female","1,457"
"1999","20","Male","1,559"
"1999","20","Female","1,482"
"1999","21","Male","1,561"
"1999","21","Female","1,490"
"1999","22","Male","1,600"
"1999","22","Female","1,536"
"1999","23","Male","1,587"
"1999","23","Female","1,520"
"1999","24","Male","1,630"
"1999","24","Female","1,559"
"1999","25-29","Male","9,067"
"1999","25-29","Female","8,670"
"1999","30-34","Male","9,633"
"1999","30-34","Female","9,279"
"1999","35-39","Male","10,635"
"1999","35-39","Female","10,464"
"1999","40-44","Male","10,376"
"1999","40-44","Female","10,345"
"1999","45-49","Male","9,328"
"1999","45-49","Female","9,288"
"1999","50-54","Male","8,096"
"1999","50-54","Female","8,036"
"1999","55-59","Male","6,200"
"1999","55-59","Female","6,147"
"1999","60-64","Male","4,858"
"1999","60-64","Female","4,804"
"1999","65-69","Male","4,163"
"1999","65-69","Female","4,167"
"1999","70-74","Male","3,645"
"1999","70-74","Female","3,806"
"1999","75-79","Male","2,777"
"1999","75-79","Female","3,011"
"1999","80-84","Male","1,582"
"1999","80-84","Female","1,748"
"1999","85 and Older","Male","889"
"1999","85 and Older","Female","1,004"
"2000","Under 16","Male","14"
"2000","Under 16","Female","12"
"2000","16","Male","754"
"2000","16","Female","715"
"2000","17","Male","1,200"
"2000","17","Female","1,129"
"2000","18","Male","1,470"
"2000","18","Female","1,367"
"2000","19","Male","1,588"
"2000","19","Female","1,488"
"2000","20","Male","1,610"
"2000","20","Female","1,529"
"2000","21","Male","1,619"
"2000","21","Female","1,551"
"2000","22","Male","1,624"
"2000","22","Female","1,557"
"2000","23","Male","1,655"
"2000","23","Female","1,590"
"2000","24","Male","1,647"
"2000","24","Female","1,577"
"2000","25-29","Male","8,988"
"2000","25-29","Female","8,597"
"2000","30-34","Male","9,747"
"2000","30-34","Female","9,387"
"2000","35-39","Male","10,621"
"2000","35-39","Female","10,437"
"2000","40-44","Male","10,576"
"2000","40-44","Female","10,516"
"2000","45-49","Male","9,578"
"2000","45-49","Female","9,575"
"2000","50-54","Male","8,448"
"2000","50-54","Female","8,419"
"2000","55-59","Male","6,394"
"2000","55-59","Female","6,366"
"2000","60-64","Male","4,970"
"2000","60-64","Female","4,944"
"2000","65-69","Male","4,182"
"2000","65-69","Female","4,202"
"2000","70-74","Male","3,644"
"2000","70-74","Female","3,822"
"2000","75-79","Male","2,820"
"2000","75-79","Female","3,091"
"2000","80-84","Male","1,656"
"2000","80-84","Female","1,854"
"2000","85 and Older","Male","958"
"2000","85 and Older","Female","1,092"
"2001","Under 16","Male","13"
"2001","Under 16","Female","12"
"2001","16","Male","697"
"2001","16","Female","665"
"2001","17","Male","1,124"
"2001","17","Female","1,067"
"2001","18","Male","1,426"
"2001","18","Female","1,328"
"2001","19","Male","1,593"
"2001","19","Female","1,493"
"2001","20","Male","1,624"
"2001","20","Female","1,547"
"2001","21","Male","1,653"
"2001","21","Female","1,590"
"2001","22","Male","1,651"
"2001","22","Female","1,597"
"2001","23","Male","1,651"
"2001","23","Female","1,596"
"2001","24","Male","1,686"
"2001","24","Female","1,633"
"2001","25-29","Male","8,666"
"2001","25-29","Female","8,323"
"2001","30-34","Male","9,715"
"2001","30-34","Female","9,394"
"2001","35-39","Male","10,272"
"2001","35-39","Female","10,139"
"2001","40-44","Male","10,523"
"2001","40-44","Female","10,568"
"2001","45-49","Male","9,674"
"2001","45-49","Female","9,783"
"2001","50-54","Male","8,655"
"2001","50-54","Female","8,740"
"2001","55-59","Male","6,677"
"2001","55-59","Female","6,682"
"2001","60-64","Male","5,110"
"2001","60-64","Female","5,120"
"2001","65-69","Male","4,193"
"2001","65-69","Female","4,242"
"2001","70-74","Male","3,650"
"2001","70-74","Female","3,813"
"2001","75-79","Male","2,825"
"2001","75-79","Female","3,087"
"2001","80-84","Male","1,723"
"2001","80-84","Female","1,929"
"2001","85 and Older","Male","981"
"2001","85 and Older","Female","1,124"
"2002","Under 16","Male","14"
"2002","Under 16","Female","14"
"2002","16","Male","665"
"2002","16","Female","645"
"2002","17","Male","1,118"
"2002","17","Female","1,068"
"2002","18","Male","1,401"
"2002","18","Female","1,318"
"2002","19","Male","1,572"
"2002","19","Female","1,480"
"2002","20","Male","1,638"
"2002","20","Female","1,563"
"2002","21","Male","1,668"
"2002","21","Female","1,607"
"2002","22","Male","1,702"
"2002","22","Female","1,645"
"2002","23","Male","1,708"
"2002","23","Female","1,653"
"2002","24","Male","1,705"
"2002","24","Female","1,644"
"2002","25-29","Male","8,727"
"2002","25-29","Female","8,372"
"2002","30-34","Male","9,737"
"2002","30-34","Female","9,378"
"2002","35-39","Male","10,189"
"2002","35-39","Female","9,936"
"2002","40-44","Male","10,614"
"2002","40-44","Female","10,584"
"2002","45-49","Male","9,941"
"2002","45-49","Female","9,997"
"2002","50-54","Male","8,735"
"2002","50-54","Female","8,788"
"2002","55-59","Male","7,148"
"2002","55-59","Female","7,141"
"2002","60-64","Male","8,371"
"2002","60-64","Female","5,377"
"2002","65-69","Male","4,253"
"2002","65-69","Female","4,284"
"2002","70-74","Male","3,647"
"2002","70-74","Female","3,788"
"2002","75-79","Male","2,936"
"2002","75-79","Female","3,173"
"2002","80-84","Male","1,849"
"2002","80-84","Female","2,079"
"2002","85 and Older","Male","1,112"
"2002","85 and Older","Female","1,288"
"2003","Under 16","Male","19"
"2003","Under 16","Female","18"
"2003","16","Male","642"
"2003","16","Female","620"
"2003","17","Male","1,112"
"2003","17","Female","1,066"
"2003","18","Male","1,423"
"2003","18","Female","1,342"
"2003","19","Male","1,549"
"2003","19","Female","1,469"
"2003","20","Male","1,625"
"2003","20","Female","1,552"
"2003","21","Male","1,678"
"2003","21","Female","1,626"
"2003","22","Male","1,705"
"2003","22","Female","1,664"
"2003","23","Male","1,740"
"2003","23","Female","1,699"
"2003","24","Male","1,742"
"2003","24","Female","1,699"
"2003","25-29","Male","8,669"
"2003","25-29","Female","8,394"
"2003","30-34","Male","9,622"
"2003","30-34","Female","9,302"
"2003","35-39","Male","9,960"
"2003","35-39","Female","9,724"
"2003","40-44","Male","10,653"
"2003","40-44","Female","10,606"
"2003","45-49","Male","10,135"
"2003","45-49","Female","10,206"
"2003","50-54","Male","8,916"
"2003","50-54","Female","9,001"
"2003","55-59","Male","7,482"
"2003","55-59","Female","7,502"
"2003","60-64","Male","5,680"
"2003","60-64","Female","5,702"
"2003","65-69","Male","4,370"
"2003","65-69","Female","4,407"
"2003","70-74","Male","3,613"
"2003","70-74","Female","3,749"
"2003","75-79","Male","2,894"
"2003","75-79","Female","3,173"
"2003","80-84","Male","1,856"
"2003","80-84","Female","2,103"
"2003","85 and Older","Male","1,132"
"2003","85 and Older","Female","1,304"
"2004","Under 16","Male","12"
"2004","Under 16","Female","12"
"2004","16","Male","634"
"2004","16","Female","616"
"2004","17","Male","1,112"
"2004","17","Female","1,068"
"2004","18","Male","1,423"
"2004","18","Female","1,342"
"2004","19","Male","1,595"
"2004","19","Female","1,513"
"2004","20","Male","1,619"
"2004","20","Female","1,557"
"2004","21","Male","1,670"
"2004","21","Female","1,620"
"2004","22","Male","1,725"
"2004","22","Female","1,684"
"2004","23","Male","1,757"
"2004","23","Female","1,724"
"2004","24","Male","1,788"
"2004","24","Female","1,751"
"2004","25-29","Male","8,804"
"2004","25-29","Female","8,576"
"2004","30-34","Male","9,496"
"2004","30-34","Female","9,187"
"2004","35-39","Male","9,850"
"2004","35-39","Female","9,577"
"2004","40-44","Male","10,722"
"2004","40-44","Female","10,607"
"2004","45-49","Male","10,374"
"2004","45-49","Female","10,374"
"2004","50-54","Male","9,197"
"2004","50-54","Female","9,244"
"2004","55-59","Male","7,878"
"2004","55-59","Female","7,900"
"2004","60-64","Male","5,924"
"2004","60-64","Female","5,961"
"2004","65-69","Male","4,474"
"2004","65-69","Female","4,535"
"2004","70-74","Male","3,607"
"2004","70-74","Female","3,747"
"2004","75-79","Male","2,875"
"2004","75-79","Female","3,187"
"2004","80-84","Male","1,897"
"2004","80-84","Female","2,181"
"2004","85 and Older","Male","1,129"
"2004","85 and Older","Female","1,339"
"2005","Under 16","Male","11"
"2005","Under 16","Female","12"
"2005","16","Male","620"
"2005","16","Female","603"
"2005","17","Male","1,118"
"2005","17","Female","1,077"
"2005","18","Male","1,433"
"2005","18","Female","1,351"
"2005","19","Male","1,596"
"2005","19","Female","1,513"
"2005","20","Male","1,656"
"2005","20","Female","1,594"
"2005","21","Male","1,651"
"2005","21","Female","1,613"
"2005","22","Male","1,716"
"2005","22","Female","1,680"
"2005","23","Male","1,773"
"2005","23","Female","1,745"
"2005","24","Male","1,798"
"2005","24","Female","1,777"
"2005","25-29","Male","8,851"
"2005","25-29","Female","8,675"
"2005","30-34","Male","9,215"
"2005","30-34","Female","8,987"
"2005","35-39","Male","9,819"
"2005","35-39","Female","9,578"
"2005","40-44","Male","10,586"
"2005","40-44","Female","10,484"
"2005","45-49","Male","10,478"
"2005","45-49","Female","10,492"
"2005","50-54","Male","9,419"
"2005","50-54","Female","9,490"
"2005","55-59","Male","9,419"
"2005","55-59","Female","8,285"
"2005","60-64","Male","6,109"
"2005","60-64","Female","6,154"
"2005","65-69","Male","4,575"
"2005","65-69","Female","4,645"
"2005","70-74","Male","3,618"
"2005","70-74","Female","3,754"
"2005","75-79","Male","2,893"
"2005","75-79","Female","3,162"
"2005","80-84","Male","1,909"
"2005","80-84","Female","2,211"
"2005","85 and Older","Male","1,166"
"2005","85 and Older","Female","1,403"
"2006","Under 16","Male","106"
"2006","Under 16","Female","114"
"2006","16","Male","657"
"2006","16","Female","641"
"2006","17","Male","1,145"
"2006","17","Female","1,106"
"2006","18","Male","1,459"
"2006","18","Female","1,376"
"2006","19","Male","1,603"
"2006","19","Female","1,524"
"2006","20","Male","1,661"
"2006","20","Female","1,601"
"2006","21","Male","1,686"
"2006","21","Female","1,654"
"2006","22","Male","1,697"
"2006","22","Female","1,672"
"2006","23","Male","1,760"
"2006","23","Female","1,738"
"2006","24","Male","1,799"
"2006","24","Female","1,790"
"2006","25-29","Male","8,942"
"2006","25-29","Female","8,894"
"2006","30-34","Male","8,901"
"2006","30-34","Female","8,756"
"2006","35-39","Male","9,790"
"2006","35-39","Female","9,623"
"2006","40-44","Male","10,328"
"2006","40-44","Female","10,255"
"2006","45-49","Male","10,535"
"2006","45-49","Female","10,589"
"2006","50-54","Male","9,616"
"2006","50-54","Female","9,721"
"2006","55-59","Male","8,517"
"2006","55-59","Female","8,625"
"2006","60-64","Male","6,360"
"2006","60-64","Female","6,425"
"2006","65-69","Male","4,726"
"2006","65-69","Female","4,819"
"2006","70-74","Male","3,661"
"2006","70-74","Female","3,801"
"2006","75-79","Male","2,922"
"2006","75-79","Female","3,176"
"2006","80-84","Male","1,964"
"2006","80-84","Female","2,267"
"2006","85 and Older","Male","1,271"
"2006","85 and Older","Female","1,522"
"2007","Under 16","Male","127"
"2007","Under 16","Female","124"
"2007","16","Male","682"
"2007","16","Female","670"
"2007","17","Male","1,149"
"2007","17","Female","1,107"
"2007","18","Male","1,479"
"2007","18","Female","1,393"
"2007","19","Male","1,638"
"2007","19","Female","1,546"
"2007","20","Male","1,681"
"2007","20","Female","1,624"
"2007","21","Male","1,712"
"2007","21","Female","1,677"
"2007","22","Male","1,739"
"2007","22","Female","1,715"
"2007","23","Male","1,743"
"2007","23","Female","1,725"
"2007","24","Male","1,792"
"2007","24","Female","1,777"
"2007","25-29","Male","9,072"
"2007","25-29","Female","9,077"
"2007","30-34","Male","8,852"
"2007","30-34","Female","8,766"
"2007","35-39","Male","9,762"
"2007","35-39","Female","9,635"
"2007","40-44","Male","10,117"
"2007","40-44","Female","10,041"
"2007","45-49","Male","10,583"
"2007","45-49","Female","10,641"
"2007","50-54","Male","9,869"
"2007","50-54","Female","9,994"
"2007","55-59","Male","8,581"
"2007","55-59","Female","8,723"
"2007","60-64","Male","6,891"
"2007","60-64","Female","6,976"
"2007","65-69","Male","4,981"
"2007","65-69","Female","5,095"
"2007","70-74","Male","3,733"
"2007","70-74","Female","3,877"
"2007","75-79","Male","2,933"
"2007","75-79","Female","3,187"
"2007","80-84","Male","1,999"
"2007","80-84","Female","2,305"
"2007","85 and Older","Male","1,340"
"2007","85 and Older","Female","1,589"
"2008","Under 16","Male","169"
"2008","Under 16","Female","165"
"2008","16","Male","667"
"2008","16","Female","661"
"2008","17","Male","1,103"
"2008","17","Female","1,068"
"2008","18","Male","1,490"
"2008","18","Female","1,404"
"2008","19","Male","1,658"
"2008","19","Female","1,566"
"2008","20","Male","1,698"
"2008","20","Female","1,642"
"2008","21","Male","1,716"
"2008","21","Female","1,684"
"2008","22","Male","1,740"
"2008","22","Female","1,708"
"2008","23","Male","1,784"
"2008","23","Female","1,763"
"2008","24","Male","1,772"
"2008","24","Female","1,763"
"2008","25-29","Male","9,186"
"2008","25-29","Female","8,232"
"2008","30-34","Male","8,893"
"2008","30-34","Female","8,858"
"2008","35-39","Male","9,672"
"2008","35-39","Female","9,584"
"2008","40-44","Male","9,926"
"2008","40-44","Female","9,841"
"2008","45-49","Male","10,618"
"2008","45-49","Female","10,668"
"2008","50-54","Male","10,059"
"2008","50-54","Female","10,189"
"2008","55-59","Male","8,735"
"2008","55-59","Female","8,900"
"2008","60-64","Male","7,189"
"2008","60-64","Female","7,293"
"2008","65-69","Male","5,268"
"2008","65-69","Female","5,402"
"2008","70-74","Male","3,842"
"2008","70-74","Female","4,005"
"2008","75-79","Male","2,939"
"2008","75-79","Female","3,190"
"2008","80-84","Male","2,043"
"2008","80-84","Female","2,359"
"2008","85 and Older","Male","1,438"
"2008","85 and Older","Female","1,747"
"2009","Under 16","Male","205"
"2009","Under 16","Female","203"
"2009","16","Male","661"
"2009","16","Female","653"
"2009","17","Male","1,074"
"2009","17","Female","1,038"
"2009","18","Male","1,454"
"2009","18","Female","1,371"
"2009","19","Male","1,682"
"2009","19","Female","1,586"
"2009","20","Male","1,725"
"2009","20","Female","1,664"
"2009","21","Male","1,737"
"2009","21","Female","1,701"
"2009","22","Male","1,748"
"2009","22","Female","1,721"
"2009","23","Male","1,783"
"2009","23","Female","1,755"
"2009","24","Male","1,809"
"2009","24","Female","1,796"
"2009","25-29","Male","9,220"
"2009","25-29","Female","9,259"
"2009","30-34","Male","8,920"
"2009","30-34","Female","8,925"
"2009","35-39","Male","9,425"
"2009","35-39","Female","9,366"
"2009","40-44","Male","9,729"
"2009","40-44","Female","9,637"
"2009","45-49","Male","10,577"
"2009","45-49","Female","10,611"
"2009","50-54","Male","10,176"
"2009","50-54","Female","10,300"
"2009","55-59","Male","8,924"
"2009","55-59","Female","9,081"
"2009","60-64","Male","7,512"
"2009","60-64","Female","7,637"
"2009","65-69","Male","5,469"
"2009","65-69","Female","5,617"
"2009","70-74","Male","3,938"
"2009","70-74","Female","4,098"
"2009","75-79","Male","2,943"
"2009","75-79","Female","3,172"
"2009","80-84","Male","2,060"
"2009","80-84","Female","2,354"
"2009","85 and Older","Male","1,480"
"2009","85 and Older","Female","1,799"
"2010","Under 16","Male","199"
"2010","Under 16","Female","198"
"2010","16","Male","607"
"2010","16","Female","604"
"2010","17","Male","1,024"
"2010","17","Female","1,003"
"2010","18","Male","1,407"
"2010","18","Female","1,323"
"2010","19","Male","1,640"
"2010","19","Female","1,546"
"2010","20","Male","1,743"
"2010","20","Female","1,681"
"2010","21","Male","1,756"
"2010","21","Female","1,717"
"2010","22","Male","1,757"
"2010","22","Female","1,725"
"2010","23","Male","1,767"
"2010","23","Female","1,748"
"2010","24","Male","1,792"
"2010","24","Female","1,778"
"2010","25-29","Male","9,178"
"2010","25-29","Female","9,252"
"2010","30-34","Male","8,934"
"2010","30-34","Female","8,915"
"2010","35-39","Male","9,078"
"2010","35-39","Female","9,082"
"2010","40-44","Male","8,612"
"2010","40-44","Female","8,564"
"2010","45-49","Male","10,380"
"2010","45-49","Female","10,433"
"2010","50-54","Male","10,240"
"2010","50-54","Female","10,387"
"2010","55-59","Male","9,126"
"2010","55-59","Female","9,313"
"2010","60-64","Male","7,846"
"2010","60-64","Female","8,010"
"2010","65-69","Male","5,652"
"2010","65-69","Female","5,815"
"2010","70-74","Male","4,028"
"2010","70-74","Female","4,201"
"2010","75-79","Male","2,966"
"2010","75-79","Female","3,191"
"2010","80-84","Male","2,090"
"2010","80-84","Female","2,373"
"2010","85 and Older","Male","1,540"
"2010","85 and Older","Female","1,870"
"2011","Under 16","Male","180"
"2011","Under 16","Female","180"
"2011","16","Male","585"
"2011","16","Female","582"
"2011","17","Male","986"
"2011","17","Female","963"
"2011","18","Male","1,363"
"2011","18","Female","1,286"
"2011","19","Male","1,605"
"2011","19","Female","1,524"
"2011","20","Male","1,724"
"2011","20","Female","1,659"
"2011","21","Male","1,786"
"2011","21","Female","1,744"
"2011","22","Male","1,790"
"2011","22","Female","1,760"
"2011","23","Male","1,793"
"2011","23","Female","1,779"
"2011","24","Male","1,806"
"2011","24","Female","1,805"
"2011","25-29","Male","9,251"
"2011","25-29","Female","9,363"
"2011","30-34","Male","9,051"
"2011","30-34","Female","9,224"
"2011","35-39","Male","8,786"
"2011","35-39","Female","8,891"
"2011","40-44","Male","9,599"
"2011","40-44","Female","9,660"
"2011","45-49","Male","10,130"
"2011","45-49","Female","10,241"
"2011","50-54","Male","10,292"
"2011","50-54","Female","10,508"
"2011","55-59","Male","9,313"
"2011","55-59","Female","9,574"
"2011","60-64","Male","8,131"
"2011","60-64","Female","8,377"
"2011","65-69","Male","5,894"
"2011","65-69","Female","6,079"
"2011","70-74","Male","4,176"
"2011","70-74","Female","4,361"
"2011","75-79","Male","3,004"
"2011","75-79","Female","3,220"
"2011","80-84","Male","2,092"
"2011","80-84","Female","2,341"
"2011","85 and Older","Male","1,554"
"2011","85 and Older","Female","1,841"
"2012","Under 16","Male","65"
"2012","Under 16","Female","63"
"2012","16","Male","590"
"2012","16","Female","589"
"2012","17","Male","981"
"2012","17","Female","963"
"2012","18","Male","1,319"
"2012","18","Female","1,251"
"2012","19","Male","1,551"
"2012","19","Female","1,458"
"2012","20","Male","1,662"
"2012","20","Female","1,590"
"2012","21","Male","1,729"
"2012","21","Female","1,678"
"2012","22","Male","1,814"
"2012","22","Female","1,777"
"2012","23","Male","1,814"
"2012","23","Female","1,794"
"2012","24","Male","1,817"
"2012","24","Female","1,806"
"2012","25-29","Male","9,142"
"2012","25-29","Female","9,215"
"2012","30-34","Male","9,088"
"2012","30-34","Female","9,243"
"2012","35-39","Male","8,668"
"2012","35-39","Female","8,758"
"2012","40-44","Male","9,532"
"2012","40-44","Female","9,569"
"2012","45-49","Male","9,894"
"2012","45-49","Female","9,943"
"2012","50-54","Male","10,299"
"2012","50-54","Female","10,459"
"2012","55-59","Male","9,503"
"2012","55-59","Female","9,739"
"2012","60-64","Male","8,129"
"2012","60-64","Female","8,379"
"2012","65-69","Male","6,311"
"2012","65-69","Female","6,515"
"2012","70-74","Male","4,349"
"2012","70-74","Female","4,557"
"2012","75-79","Male","3,041"
"2012","75-79","Female","3,255"
"2012","80-84","Male","2,097"
"2012","80-84","Female","2,338"
"2012","85 and Older","Male","1,590"
"2012","85 and Older","Female","1,890"
"2013","Under 16","Male","31"
"2013","Under 16","Female","30"
"2013","16","Male","584"
"2013","16","Female","584"
"2013","17","Male","1,023"
"2013","17","Female","986"
"2013","18","Male","1,381"
"2013","18","Female","1,298"
"2013","19","Male","1,577"
"2013","19","Female","1,483"
"2013","20","Male","1,690"
"2013","20","Female","1,605"
"2013","21","Male","1,747"
"2013","21","Female","1,687"
"2013","22","Male","1,806"
"2013","22","Female","1,768"
"2013","23","Male","1,858"
"2013","23","Female","1,830"
"2013","24","Male","1,842"
"2013","24","Female","1,831"
"2013","25-29","Male","9,128"
"2013","25-29","Female","9,212"
"2013","30-34","Male","9,083"
"2013","30-34","Female","9,273"
"2013","35-39","Male","8,566"
"2013","35-39","Female","8,707"
"2013","40-44","Male","9,333"
"2013","40-44","Female","9,411"
"2013","45-49","Male","9,620"
"2013","45-49","Female","9,678"
"2013","50-54","Male","10,206"
"2013","50-54","Female","10,401"
"2013","55-59","Male","9,563"
"2013","55-59","Female","9,834"
"2013","60-64","Male","8,179"
"2013","60-64","Female","8,477"
"2013","65-69","Male","6,494"
"2013","65-69","Female","6,733"
"2013","70-74","Male","4,532"
"2013","70-74","Female","4,774"
"2013","75-79","Male","3,091"
"2013","75-79","Female","3,328"
"2013","80-84","Male","2,075"
"2013","80-84","Female","2,323"
"2013","85 and Older","Male","1,588"
"2013","85 and Older","Female","1,888"
"2014","Under 16","Male","30"
"2014","Under 16","Female","31"
"2014","16","Male","509"
"2014","16","Female","512"
"2014","17","Male","951"
"2014","17","Female","930"
"2014","18","Male","1,304"
"2014","18","Female","1,236"
"2014","19","Male","1,540"
"2014","19","Female","1,446"
"2014","20","Male","1,652"
"2014","20","Female","1,569"
"2014","21","Male","1,709"
"2014","21","Female","1,633"
"2014","22","Male","1,794"
"2014","22","Female","1,741"
"2014","23","Male","1,856"
"2014","23","Female","1,827"
"2014","24","Male","1,907"
"2014","24","Female","1,891"
"2014","25-29","Male","9,324"
"2014","25-29","Female","9,386"
"2014","30-34","Male","9,232"
"2014","30-34","Female","9,418"
"2014","35-39","Male","8,666"
"2014","35-39","Female","8,846"
"2014","40-44","Male","9,114"
"2014","40-44","Female","9,237"
"2014","45-49","Male","9,421"
"2014","45-49","Female","9,489"
"2014","50-54","Male","10,198"
"2014","50-54","Female","10,389"
"2014","55-59","Male","9,731"
"2014","55-59","Female","10,019"
"2014","60-64","Male","8,383"
"2014","60-64","Female","8,719"
"2014","65-69","Male","6,868"
"2014","65-69","Female","7,146"
"2014","70-74","Male","4,778"
"2014","70-74","Female","5,040"
"2014","75-79","Male","3,197"
"2014","75-79","Female","3,437"
"2014","80-84","Male","2,094"
"2014","80-84","Female","2,312"
"2014","85 and Older","Male","1,647"
"2014","85 and Older","Female","1,930"
"2015","Under 16","Male","32"
"2015","Under 16","Female","32"
"2015","16","Male","527"
"2015","16","Female","538"
"2015","17","Male","967"
"2015","17","Female","954"
"2015","18","Male","1,305"
"2015","18","Female","1,246"
"2015","19","Male","1,530"
"2015","19","Female","1,460"
"2015","20","Male","1,645"
"2015","20","Female","1,597"
"2015","21","Male","1,708"
"2015","21","Female","1,661"
"2015","22","Male","1,791"
"2015","22","Female","1,740"
"2015","23","Male","1,857"
"2015","23","Female","1,831"
"2015","24","Male","1,912"
"2015","24","Female","1,906"
"2015","25-29","Male","9,600"
"2015","25-29","Female","9,666"
"2015","30-34","Male","9,484"
"2015","30-34","Female","9,636"
"2015","35-39","Male","8,948"
"2015","35-39","Female","9,139"
"2015","40-44","Male","8,976"
"2015","40-44","Female","9,131"
"2015","45-49","Male","9,440"
"2015","45-49","Female","9,548"
"2015","50-54","Male","10,130"
"2015","50-54","Female","10,358"
"2015","55-59","Male","9,859"
"2015","55-59","Female","10,209"
"2015","60-64","Male","8,621"
"2015","60-64","Female","9,026"
"2015","65-69","Male","7,218"
"2015","65-69","Female","7,571"
"2015","70-74","Male","4,975"
"2015","70-74","Female","5,257"
"2015","75-79","Male","3,267"
"2015","75-79","Female","3,567"
"2015","80-84","Male","2,157"
"2015","80-84","Female","2,364"
"2015","85 and Older","Male","1,700"
"2015","85 and Older","Female","2,017"
"2016","Under 16","Male","32"
"2016","Under 16","Female","32"
"2016","16","Male","556"
"2016","16","Female","568"
"2016","17","Male","991"
"2016","17","Female","984"
"2016","18","Male","1,338"
"2016","18","Female","1,282"
"2016","19","Male","1,556"
"2016","19","Female","1,484"
"2016","20","Male","1,655"
"2016","20","Female","1,597"
"2016","21","Male","1,723"
"2016","21","Female","1,668"
"2016","22","Male","1,795"
"2016","22","Female","1,753"
"2016","23","Male","1,868"
"2016","23","Female","1,825"
"2016","24","Male","1,930"
"2016","24","Female","1,906"
"2016","25-29","Male","9,867"
"2016","25-29","Female","9,888"
"2016","30-34","Male","9,697"
"2016","30-34","Female","9,798"
"2016","35-39","Male","9,260"
"2016","35-39","Female","9,430"
"2016","40-44","Male","8,846"
"2016","40-44","Female","8,983"
"2016","45-49","Male","9,576"
"2016","45-49","Female","9,679"
"2016","50-54","Male","9,985"
"2016","50-54","Female","10,177"
"2016","55-59","Male","10,001"
"2016","55-59","Female","10,322"
"2016","60-64","Male","8,865"
"2016","60-64","Female","9,250"
"2016","65-69","Male","7,548"
"2016","65-69","Female","7,919"
"2016","70-74","Male","5,204"
"2016","70-74","Female","5,476"
"2016","75-79","Male","3,542"
"2016","75-79","Female","3,722"
"2016","80-84","Male","2,199"
"2016","80-84","Female","2,415"
"2016","85 and Older","Male","1,798"
"2016","85 and Older","Female","2,089"
"2017","Under 16","Male","38"
"2017","Under 16","Female","39"
"2017","16","Male","544"
"2017","16","Female","555"
"2017","17","Male","999"
"2017","17","Female","991"
"2017","18","Male","1,343"
"2017","18","Female","1,286"
"2017","19","Male","1,561"
"2017","19","Female","1,489"
"2017","20","Male","1,661"
"2017","20","Female","1,593"
"2017","21","Male","1,708"
"2017","21","Female","1,657"
"2017","22","Male","1,788"
"2017","22","Female","1,740"
"2017","23","Male","1,851"
"2017","23","Female","1,817"
"2017","24","Male","1,917"
"2017","24","Female","1,880"
"2017","25-29","Male","10,039"
"2017","25-29","Female","10,034"
"2017","30-34","Male","9,835"
"2017","30-34","Female","9,921"
"2017","35-39","Male","9,518"
"2017","35-39","Female","9,677"
"2017","40-44","Male","8,885"
"2017","40-44","Female","9,011"
"2017","45-49","Male","9,628"
"2017","45-49","Female","9,717"
"2017","50-54","Male","9,850"
"2017","50-54","Female","9,981"
"2017","55-59","Male","10,100"
"2017","55-59","Female","10,402"
"2017","60-64","Male","9,138"
"2017","60-64","Female","9,540"
"2017","65-69","Male","7,609"
"2017","65-69","Female","8,017"
"2017","70-74","Male","5,690"
"2017","70-74","Female","6,015"
"2017","75-79","Male","3,637"
"2017","75-79","Female","3,944"
"2017","80-84","Male","2,238"
"2017","80-84","Female","2,485"
"2017","85 and Older","Male","1,828"
"2017","85 and Older","Female","2,152"
"2018","Under 16","Male","21"
"2018","Under 16","Female","21"
"2018","16","Male","525"
"2018","16","Female","540"
"2018","17","Male","989"
"2018","17","Female","987"
"2018","18","Male","1,340"
"2018","18","Female","1,290"
"2018","19","Male","1,556"
"2018","19","Female","1,485"
"2018","20","Male","1,658"
"2018","20","Female","1,590"
"2018","21","Male","1,706"
"2018","21","Female","1,649"
"2018","22","Male","1,775"
"2018","22","Female","1,731"
"2018","23","Male","1,842"
"2018","23","Female","1,803"
"2018","24","Male","1,895"
"2018","24","Female","1,869"
"2018","25-29","Male","10,099"
"2018","25-29","Female","10,088"
"2018","30-34","Male","9,953"
"2018","30-34","Female","10,026"
"2018","35-39","Male","9,725"
"2018","35-39","Female","9,877"
"2018","40-44","Male","8,965"
"2018","40-44","Female","9,087"
"2018","45-49","Male","9,550"
"2018","45-49","Female","9,648"
"2018","50-54","Male","9,665"
"2018","50-54","Female","9,779"
"2018","55-59","Male","10,134"
"2018","55-59","Female","10,405"
"2018","60-64","Male","9,328"
"2018","60-64","Female","9,713"
"2018","65-69","Male","7,759"
"2018","65-69","Female","8,183"
"2018","70-74","Male","5,962"
"2018","70-74","Female","6,289"
"2018","75-79","Male","3,878"
"2018","75-79","Female","4,176"
"2018","80-84","Male","2,315"
"2018","80-84","Female","2,621"
"2018","85 and Older","Male","1,847"
"2018","85 and Older","Female","2,218"
"2019","Under 16","Male","21"
"2019","Under 16","Female","22"
"2019","16","Male","534"
"2019","16","Female","554"
"2019","17","Male","975"
"2019","17","Female","981"
"2019","18","Male","1,331"
"2019","18","Female","1,291"
"2019","19","Male","1,569"
"2019","19","Female","1,503"
"2019","20","Male","1,661"
"2019","20","Female","1,594"
"2019","21","Male","1,709"
"2019","21","Female","1,651"
"2019","22","Male","1,780"
"2019","22","Female","1,728"
"2019","23","Male","1,830"
"2019","23","Female","1,793"
"2019","24","Male","1,882"
"2019","24","Female","1,851"
"2019","25-29","Male","10,072"
"2019","25-29","Female","10,045"
"2019","30-34","Male","10,042"
"2019","30-34","Female","10,140"
"2019","35-39","Male","9,809"
"2019","35-39","Female","9,934"
"2019","40-44","Male","9,045"
"2019","40-44","Female","9,201"
"2019","45-49","Male","9,397"
"2019","45-49","Female","9,522"
"2019","50-54","Male","9,526"
"2019","50-54","Female","9,647"
"2019","55-59","Male","10,110"
"2019","55-59","Female","10,387"
"2019","60-64","Male","9,421"
"2019","60-64","Female","9,822"
"2019","65-69","Male","7,888"
"2019","65-69","Female","8,354"
"2019","70-74","Male","6,187"
"2019","70-74","Female","6,576"
"2019","75-79","Male","4,003"
"2019","75-79","Female","4,342"
"2019","80-84","Male","2,312"
"2019","80-84","Female","2,568"
"2019","85 and Older","Male","1,895"
"2019","85 and Older","Female","2,172"
"2020","Under 16","Male","30"
"2020","Under 16","Female","31"
"2020","16","Male","511"
"2020","16","Female","531"
"2020","17","Male","925"
"2020","17","Female","927"
"2020","18","Male","1,253"
"2020","18","Female","1,214"
"2020","19","Male","1,502"
"2020","19","Female","1,427"
"2020","20","Male","1,656"
"2020","20","Female","1,581"
"2020","21","Male","1,707"
"2020","21","Female","1,638"
"2020","22","Male","1,751"
"2020","22","Female","1,693"
"2020","23","Male","1,803"
"2020","23","Female","1,755"
"2020","24","Male","1,862"
"2020","24","Female","1,831"
"2020","25-29","Male","9,877"
"2020","25-29","Female","9,837"
"2020","30-34","Male","10,041"
"2020","30-34","Female","10,145"
"2020","35-39","Male","9,791"
"2020","35-39","Female","9,952"
"2020","40-44","Male","9,135"
"2020","40-44","Female","9,331"
"2020","45-49","Male","9,094"
"2020","45-49","Female","9,261"
"2020","50-54","Male","9,429"
"2020","50-54","Female","9,589"
"2020","55-59","Male","9,910"
"2020","55-59","Female","10,213"
"2020","60-64","Male","9,421"
"2020","60-64","Female","9,872"
"2020","65-69","Male","8,022"
"2020","65-69","Female","8,553"
"2020","70-74","Male","6,415"
"2020","70-74","Female","6,882"
"2020","75-79","Male","4,136"
"2020","75-79","Female","4,498"
"2020","80-84","Male","2,459"
"2020","80-84","Female","2,710"
"2020","85 and Older","Male","1,863"
"2020","85 and Older","Female","2,129"
"2021","Under 16","Male","55"
"2021","Under 16","Female","56"
"2021","16","Male","537"
"2021","16","Female","554"
"2021","17","Male","918"
"2021","17","Female","908"
"2021","18","Male","1,319"
"2021","18","Female","1,243"
"2021","19","Male","1,490"
"2021","19","Female","1,428"
"2021","20","Male","1,658"
"2021","20","Female","1,576"
"2021","21","Male","1,772"
"2021","21","Female","1,679"
"2021","22","Male","1,769"
"2021","22","Female","1,687"
"2021","23","Male","1,829"
"2021","23","Female","1,756"
"2021","24","Male","1,886"
"2021","24","Female","1,824"
"2021","25-29","Male","9,984"
"2021","25-29","Female","9,812"
"2021","30-34","Male","10,419"
"2021","30-34","Female","10,439"
"2021","35-39","Male","10,118"
"2021","35-39","Female","10,186"
"2021","40-44","Male","9,558"
"2021","40-44","Female","9,681"
"2021","45-49","Male","9,001"
"2021","45-49","Female","9,107"
"2021","50-54","Male","9,617"
"2021","50-54","Female","9,719"
"2021","55-59","Male","9,851"
"2021","55-59","Female","10,065"
"2021","60-64","Male","9,657"
"2021","60-64","Female","10,040"
"2021","65-69","Male","8,295"
"2021","65-69","Female","8,811"
"2021","70-74","Male","6,704"
"2021","70-74","Female","7,223"
"2021","75-79","Male","4,324"
"2021","75-79","Female","4,717"
"2021","80-84","Male","2,537"
"2021","80-84","Female","2,842"
"2021","85 and Older","Male","1,917"
"2021","85 and Older","Female","2,213"
"2022","Under 16","Male","59"
"2022","Under 16","Female","59"
"2022","16","Male","538"
"2022","16","Female","539"
"2022","17","Male","932"
"2022","17","Female","912"
"2022","18","Male","1,334"
"2022","18","Female","1,253"
"2022","19","Male","1,528"
"2022","19","Female","1,423"
"2022","20","Male","1,646"
"2022","20","Female","1,557"
"2022","21","Male","1,760"
"2022","21","Female","1,666"
"2022","22","Male","1,804"
"2022","22","Female","1,717"
"2022","23","Male","1,845"
"2022","23","Female","1,762"
"2022","24","Male","1,904"
"2022","24","Female","1,832"
"2022","25-29","Male","9,946"
"2022","25-29","Female","9,748"
"2022","30-34","Male","10,550"
"2022","30-34","Female","10,573"
"2022","35-39","Male","10,191"
"2022","35-39","Female","10,275"
"2022","40-44","Male","9,738"
"2022","40-44","Female","9,898"
"2022","45-49","Male","8,972"
"2022","45-49","Female","9,131"
"2022","50-54","Male","9,540"
"2022","50-54","Female","9,717"
"2022","55-59","Male","9,612"
"2022","55-59","Female","9,886"
"2022","60-64","Male","9,635"
"2022","60-64","Female","10,083"
"2022","65-69","Male","8,449"
"2022","65-69","Female","9,046"
"2022","70-74","Male","6,729"
"2022","70-74","Female","7,334"
"2022","75-79","Male","4,712"
"2022","75-79","Female","5,183"
"2022","80-84","Male","2,702"
"2022","80-84","Female","3,052"
"2022","85 and Older","Male","1,997"
"2022","85 and Older","Female","2,319"
"2023","Under 16","Male","60"
"2023","Under 16","Female","59"
"2023","16","Male","569"
"2023","16","Female","558"
"2023","17","Male","990"
"2023","17","Female","947"
"2023","18","Male","1,369"
"2023","18","Female","1,261"
"2023","19","Male","1,565"
"2023","19","Female","1,435"
"2023","20","Male","1,706"
"2023","20","Female","1,589"
"2023","21","Male","1,758"
"2023","21","Female","1,648"
"2023","22","Male","1,818"
"2023","22","Female","1,719"
"2023","23","Male","1,898"
"2023","23","Female","1,799"
"2023","24","Male","1,943"
"2023","24","Female","1,850"
"2023","25-29","Male","10,039"
"2023","25-29","Female","9,755"
"2023","30-34","Male","10,695"
"2023","30-34","Female","10,636"
"2023","35-39","Male","10,366"
"2023","35-39","Female","10,395"
"2023","40-44","Male","9,985"
"2023","40-44","Female","10,106"
"2023","45-49","Male","9,068"
"2023","45-49","Female","9,215"
"2023","50-54","Male","9,464"
"2023","50-54","Female","9,646"
"2023","55-59","Male","9,438"
"2023","55-59","Female","9,686"
"2023","60-64","Male","9,651"
"2023","60-64","Female","10,099"
"2023","65-69","Male","8,583"
"2023","65-69","Female","9,196"
"2023","70-74","Male","6,825"
"2023","70-74","Female","7,473"
"2023","75-79","Male","4,912"
"2023","75-79","Female","5,421"
"2023","80-84","Male","2,852"
"2023","80-84","Female","3,238"
"2023","85 and Older","Male","2,016"
"2023","85 and Older","Female","2,357"
"1963","70+","Male","3,073"
"1964","70+","Male","2,963"
"1965","70+","Male","2,954"
"1966","70+","Male","3,190"
"1967","70+","Male","3,171"
"1968","70+","Male","3,177"
"1969","70+","Male","3,320"
"1970","70+","Male","3,341"
"1971","70+","Male","3,857"
"1972","70+","Male","3,835"
"1973","70+","Male","3,920"
"1974","70+","Male","4,134"
"1975","70+","Male","4,267"
"1976","70+","Male","4,473"
"1977","70+","Male","4,694"
"1978","70+","Male","4,903"
"1979","70+","Male","5,055"
"1980","70+","Male","5,197"
"1981","70+","Male","5,227"
"1982","70+","Male","5,494"
"1983","70+","Male","5,654"
"1984","70+","Male","5,987"
"1985","70+","Male","6,079"
"1986","70+","Male","6,323"
"1987","70+","Male","6,488"
"1988","70+","Male","6,664"
"1989","70+","Male","6,896"
"1990","70+","Male","7,158"
"1991","70+","Male","7,434"
"1992","70+","Male","7,806"
"1993","70+","Male","7,833"
"1963","70+","Female","934"
"1964","70+","Female","915"
"1965","70+","Female","931"
"1966","70+","Female","1,053"
"1967","70+","Female","1,139"
"1968","70+","Female","1,163"
"1969","70+","Female","1,282"
"1970","70+","Female","1,393"
"1971","70+","Female","1,910"
"1972","70+","Female","1,897"
"1973","70+","Female","2,036"
"1974","70+","Female","2,258"
"1975","70+","Female","2,469"
"1976","70+","Female","2,706"
"1977","70+","Female","2,947"
"1978","70+","Female","3,189"
"1979","70+","Female","3,435"
"1980","70+","Female","3,699"
"1981","70+","Female","3,866"
"1982","70+","Female","4,345"
"1983","70+","Female","4,453"
"1984","70+","Female","4,939"
"1985","70+","Female","5,088"
"1986","70+","Female","5,462"
"1987","70+","Female","5,702"
"1988","70+","Female","6,098"
"1989","70+","Female","6,392"
"1990","70+","Female","6,726"
"1991","70+","Female","7,043"
"1992","70+","Female","7,593"
"1993","70+","Female","7,725"
"2024","85 and Older","Male","2,098"
"2024","85 and Older","Female","2,483"
"2024","80-84","Male","2,984"
"2024","80-84","Female","3,407"
"2024","75-79","Male","5,151"
"2024","75-79","Female","5,724"
"2024","70-74","Male","6,941"
"2024","70-74","Female","7,641"
"2024","65-69","Male","8,668"
"2024","65-69","Female","9,287"
"2024","60-64","Male","9,618"
"2024","60-64","Female","10,057"
"2024","55-59","Male","9,266"
"2024","55-59","Female","9,493"
"2024","50-54","Male","9,320"
"2024","50-54","Female","9,499"
"2024","45-49","Male","9,211"
"2024","45-49","Female","9,342"
"2024","40-44","Male","10,149"
"2024","40-44","Female","10,222"
"2024","35-39","Male","10,559"
"2024","35-39","Female","10,533"
"2024","30-34","Male","10,742"
"2024","30-34","Female","10,604"
"2024","25-29","Male","10,096"
"2024","25-29","Female","9,719"
"2024","24","Male","1,984"
"2024","24","Female","1,872"
"2024","23","Male","1,900"
"2024","23","Female","1,790"
"2024","22","Male","1,811"
"2024","22","Female","1,698"
"2024","21","Male","1,805"
"2024","21","Female","1,669"
"2024","20","Male","1,734"
"2024","20","Female","1,603"
"2024","19","Male","1,588"
"2024","19","Female","1,442"
"2024","18","Male","1,409"
"2024","18","Female","1,283"
"2024","17","Male","1,035"
"2024","17","Female","978"
"2024","16","Male","604"
"2024","16","Female","585"
"2024","Under 16","Male","77"
"2024","Under 16","Female","73"
